,geoid,CustomerSatisfactionAvgReviewRating,CustomerSatisfactionAvgStarRating
0,1001,4.1850000000000005,2.25
1,1003,4.415,2.88
2,1005,3.87,2.71
3,1007,4.2,2.0
4,1009,4.2,2.0
5,1011,4.2,2.9347826086956523
6,1013,4.2,2.86
7,1015,4.11,2.67
8,1017,4.359999999999999,2.33
9,1019,4.625,2.0
10,1021,4.21,2.6
11,1023,4.2,3.0
12,1025,4.33,2.8
13,1027,4.45,3.0656521739130436
14,1029,4.45,2.0
15,1031,3.915,2.6
16,1033,4.265000000000001,2.75
17,1035,3.885,2.67
18,1037,4.2,2.78
19,1039,4.23,2.57
20,1041,4.365,3.0
21,1043,4.29,2.73
22,1045,4.15,2.6
23,1047,2.15,2.71
24,1049,4.645,2.5
25,1051,4.4,2.88
26,1053,4.3149999999999995,2.83
27,1055,4.255,2.56
28,1057,4.2,3.0
29,1059,4.365,3.0
30,1061,4.085,3.0
31,1063,4.18,2.5
32,1065,4.2,3.0
33,1067,4.2,3.0
34,1069,4.225,2.74
35,1071,4.26,2.44
36,1073,4.08,2.97
37,1075,4.2,2.0
38,1077,4.35,3.0
39,1079,4.25,2.0
40,1081,4.335,2.79
41,1083,4.13,2.64
42,1085,4.2,3.0
43,1087,3.795,2.5
44,1089,4.265000000000001,2.95
45,1091,3.94,2.4
46,1093,4.52,2.33
47,1095,4.265,2.5
48,1097,4.275,2.83
49,1099,4.215,2.57
50,1101,4.1850000000000005,2.79
51,1103,4.13,2.57
52,1105,4.2,3.0
53,1107,4.45,3.0
54,1109,3.975,2.5
55,1111,4.32,3.0
56,1113,4.395,2.83
57,1115,4.25,2.56
58,1117,4.275,2.85
59,1119,3.915,3.0
60,1121,4.075,2.64
61,1123,4.295,2.4
62,1125,4.37,2.76
63,1127,4.404999999999999,2.75
64,1129,4.2,3.0
65,1131,3.375,2.0
66,1133,4.345,2.7717391304347823
67,2013,4.2,3.0
68,2016,4.2,3.0
69,2020,4.36,2.91
70,2050,4.2,3.0
71,2060,4.2,3.0
72,2068,4.525,3.09
73,2070,4.2,2.963913043478261
74,2090,4.58,2.91
75,2100,4.575,2.67
76,2105,4.2,3.0
77,2110,4.535,2.89
78,2122,4.505,2.96
79,2130,4.075,2.89
80,2150,4.25,3.0
81,2158,4.2,3.0
82,2164,4.2,3.0
83,2170,4.515,3.0
84,2180,4.2,1.0
85,2185,4.2,3.0
86,2188,4.2,3.0
87,2195,4.2,3.0
88,2198,3.95,3.0
89,2220,4.555,2.78
90,2230,4.2,2.5
91,2240,4.41,3.0
92,2261,4.21,2.83
93,2275,4.2,3.0
94,2282,4.2,3.0
95,2290,4.2,2.0
96,4001,4.355,2.73
97,4003,4.515000000000001,2.63
98,4005,4.475,2.77
99,4007,4.475,2.58
100,4009,4.335,2.67
101,4011,4.2,3.0
102,4012,4.535,3.0
103,4013,4.295,3.1
104,4015,4.32,2.57
105,4017,4.385,2.49
106,4019,4.395,2.99
107,4021,4.25,2.78
108,4023,4.53,2.88
109,4025,4.515000000000001,2.98
110,4027,4.38,2.7
111,5001,4.470000000000001,2.5
112,5003,4.25,2.5
113,5005,4.195,2.7
114,5007,4.465,2.88
115,5009,4.3,2.63
116,5011,4.335,2.5
117,5013,4.2,3.0
118,5015,4.470000000000001,3.0
119,5017,4.14,2.0
120,5019,4.265000000000001,2.56
121,5021,3.25,3.0
122,5023,4.615,3.0
123,5025,4.2,3.0
124,5027,3.98,2.8
125,5029,4.295,2.25
126,5031,4.4,2.56
127,5033,4.35,2.7
128,5035,4.105,2.5
129,5037,4.2,3.0
130,5039,4.25,2.0
131,5041,4.045,2.6
132,5043,4.295,2.5
133,5045,4.23,2.79
134,5047,4.13,2.33
135,5049,4.285,2.5
136,5051,4.545,2.83
137,5053,4.085,2.0
138,5055,4.515000000000001,2.6
139,5057,4.36,2.5
140,5059,4.3149999999999995,2.67
141,5061,4.2,2.0
142,5063,3.75,2.4
143,5065,2.93,3.0
144,5067,4.32,2.0
145,5069,4.1899999999999995,2.53
146,5071,4.4350000000000005,2.83
147,5073,4.2,3.0
148,5075,4.2,3.0
149,5077,4.2,3.0
150,5079,4.585,2.0
151,5081,4.25,3.0
152,5083,4.415,3.0
153,5085,4.265000000000001,2.5
154,5087,4.2,2.6969565217391307
155,5089,4.38,2.6504347826086954
156,5091,4.37,2.77
157,5093,4.235,2.57
158,5095,4.05,2.4
159,5097,4.825,3.5
160,5099,4.0649999999999995,2.0
161,5101,4.36,3.0895652173913044
162,5103,4.45,2.67
163,5105,4.2,2.669130434782609
164,5107,4.32,3.0
165,5109,4.025,2.75
166,5111,4.1,2.0
167,5113,4.725,2.67
168,5115,4.484999999999999,2.62
169,5117,4.25,2.5
170,5119,4.41,2.8
171,5121,4.5649999999999995,3.0
172,5123,4.23,2.82
173,5125,4.404999999999999,2.71
174,5127,3.5,2.0
175,5129,4.2,2.7369565217391307
176,5131,4.404999999999999,2.73
177,5133,4.585,3.0
178,5135,4.085,2.75
179,5137,4.41,2.5
180,5139,4.3149999999999995,2.6
181,5141,4.5649999999999995,2.67
182,5143,4.18,2.83
183,5145,4.275,2.44
184,5147,4.2,3.0
185,5149,4.2,2.697391304347826
186,6001,4.08,2.84
187,6003,4.125,3.1495652173913045
188,6005,4.525,3.0
189,6007,4.235,2.57
190,6009,4.5,3.0
191,6011,4.1899999999999995,2.13
192,6013,4.29,2.8
193,6015,4.48,2.58
194,6017,4.29,2.79
195,6019,4.24,2.66
196,6021,4.155,2.33
197,6023,4.390000000000001,2.85
198,6025,4.24,2.45
199,6027,3.865,2.53
200,6029,4.18,2.61
201,6031,4.16,2.56
202,6033,4.185,2.72
203,6035,4.29,2.63
204,6037,4.17,2.89
205,6039,4.59,3.03
206,6041,4.355,2.84
207,6043,4.38,2.75
208,6045,4.405,3.05
209,6047,4.21,2.5
210,6049,4.325,2.4
211,6051,4.359999999999999,2.96
212,6053,4.4399999999999995,2.9
213,6055,4.485,3.66
214,6057,4.43,2.59
215,6059,4.295,2.97
216,6061,4.245,2.93
217,6063,4.565,3.75
218,6065,4.359999999999999,2.97
219,6067,4.18,2.89
220,6069,4.3149999999999995,2.71
221,6071,4.29,2.62
222,6073,4.365,3.02
223,6075,4.365,3.07
224,6077,4.25,2.79
225,6079,4.475,2.9
226,6081,4.33,2.92
227,6083,4.494999999999999,3.1
228,6085,4.215,3.02
229,6087,4.35,2.73
230,6089,4.305,2.57
231,6091,4.39,3.135652173913044
232,6093,4.47,2.48
233,6095,4.135,2.55
234,6097,4.37,3.23
235,6099,4.38,2.58
236,6101,3.9450000000000003,2.5
237,6103,4.12,2.52
238,6105,4.890000000000001,3.0
239,6107,4.295,2.74
240,6109,4.375,2.86
241,6111,4.34,2.83
242,6113,4.17,2.73
243,6115,4.195,2.33
244,8001,4.41,3.0
245,8003,4.21,2.73
246,8005,4.36,2.9
247,8007,4.38,2.73
248,8009,4.2,2.989130434782609
249,8011,3.25,3.0
250,8013,4.595,3.16
251,8014,4.48,3.22
252,8015,4.54,2.83
253,8017,4.2,3.0
254,8019,4.38,2.75
255,8021,3.95,2.67
256,8023,4.734999999999999,2.0
257,8025,4.2,3.0
258,8027,5.0,3.0
259,8029,4.25,2.4
260,8031,4.415,3.4
261,8033,4.75,3.0
262,8035,4.55,2.93
263,8037,4.63,3.75
264,8039,4.2,2.9243478260869566
265,8041,4.51,2.89
266,8043,4.405,2.3
267,8045,4.495,2.68
268,8047,4.525,3.14
269,8049,4.485,2.87
270,8051,4.475,2.76
271,8053,4.2,3.0569565217391306
272,8055,4.16,3.0
273,8057,4.41,2.816521739130435
274,8059,4.414999999999999,3.07
275,8061,4.75,2.5
276,8063,4.415,2.82
277,8065,4.285,2.75
278,8067,4.51,2.94
279,8069,4.485,2.88
280,8071,4.265000000000001,2.44
281,8073,4.495,2.6
282,8075,4.205,2.63
283,8077,4.51,2.9
284,8079,4.75,3.0
285,8081,4.27,2.63
286,8083,4.425,2.32
287,8085,4.325,2.4
288,8087,4.35,2.56
289,8089,4.095,2.75
290,8091,4.625,3.1
291,8093,4.6,2.33
292,8095,4.625,3.0
293,8097,4.59,3.53
294,8099,4.005,2.6
295,8101,4.345000000000001,2.65
296,8103,4.37,3.0
297,8105,4.435,2.6
298,8107,4.484999999999999,3.32
299,8109,4.2,3.0
300,8111,4.54,2.83
301,8113,4.54,3.71
302,8115,3.915,3.0
303,8117,4.415,3.28
304,8119,4.635,3.0
305,8121,4.2,3.0
306,8123,4.25,2.75
307,8125,4.585,2.67
308,9001,4.115,3.08
309,9003,4.03,2.94
310,9005,4.265000000000001,3.36
311,9007,4.255,3.0
312,9009,4.085,2.87
313,9011,4.390000000000001,2.95
314,9013,3.99,2.75
315,9015,4.17,2.44
316,10001,4.1850000000000005,2.79
317,10003,4.29,2.98
318,10005,4.445,2.81
319,11001,4.385,3.58
320,12001,4.485,2.75
321,12003,4.03,2.0
322,12005,4.11,2.81
323,12007,3.9299999999999997,2.2
324,12009,4.36,2.91
325,12011,4.125,3.04
326,12013,4.2,3.0
327,12015,4.475,2.89
328,12017,4.5,2.76
329,12019,4.17,3.0
330,12021,4.585,3.27
331,12023,4.2700000000000005,2.36
332,12027,4.135,2.25
333,12029,4.88,3.0
334,12031,4.245,2.89
335,12033,4.205,2.78
336,12035,4.390000000000001,2.77
337,12037,4.505,3.13
338,12039,4.05,2.75
339,12041,3.5,2.0
340,12043,4.2,3.0526086956521743
341,12045,4.505,3.33
342,12047,3.275,2.67
343,12049,4.25,3.0
344,12051,4.0,2.5
345,12053,4.33,2.69
346,12055,4.4,2.57
347,12057,4.115,3.09
348,12059,3.8049999999999997,2.33
349,12061,4.46,2.88
350,12063,3.755,2.67
351,12065,4.29,3.0
352,12067,4.2,3.0269565217391308
353,12069,4.41,3.0
354,12071,4.470000000000001,2.94
355,12073,4.055,2.79
356,12075,4.145,2.67
357,12077,4.2,3.0
358,12079,4.03,2.25
359,12081,4.445,2.93
360,12083,4.405,2.62
361,12085,4.545,3.0
362,12086,4.09,3.45
363,12087,4.515000000000001,3.33
364,12089,4.485,3.25
365,12091,4.205,2.75
366,12093,4.41,2.56
367,12095,4.235,3.26
368,12097,4.125,3.29
369,12099,4.345000000000001,3.23
370,12101,4.515,2.81
371,12103,4.375,2.89
372,12105,4.22,2.88
373,12107,4.49,2.88
374,12109,4.390000000000001,3.03
375,12111,4.41,2.76
376,12113,4.4,2.94
377,12115,4.455,3.05
378,12117,4.255,3.03
379,12119,4.21,2.55
380,12121,4.0,2.5
381,12123,4.285,2.5
382,12125,4.2,3.0
383,12127,4.295,2.74
384,12129,4.4399999999999995,3.0
385,12131,4.46,3.19
386,12133,3.6399999999999997,2.17
387,13001,4.05,3.0
388,13003,4.2,3.0
389,13005,3.5,2.0
390,13007,4.2,3.0
391,13009,4.494999999999999,2.62
392,13011,4.08,2.43
393,13013,4.215,3.29
394,13015,4.4350000000000005,2.64
395,13017,3.75,2.33
396,13019,4.2,3.0
397,13021,4.42,2.73
398,13023,4.085,2.0
399,13025,4.2,2.9243478260869566
400,13027,4.2,2.891304347826087
401,13029,4.48,2.46
402,13031,4.36,2.67
403,13033,4.45,2.5
404,13035,3.6950000000000003,2.0
405,13037,4.2,2.9565217391304346
406,13039,4.365,2.64
407,13043,4.0,2.5
408,13045,4.305,2.63
409,13047,4.51,2.57
410,13049,3.9,2.5
411,13051,4.3149999999999995,3.08
412,13053,4.2,3.0
413,13055,4.475,2.0
414,13057,4.255,2.67
415,13059,4.555,2.92
416,13061,4.279999999999999,3.0
417,13063,4.1850000000000005,2.65
418,13065,4.2,3.0
419,13067,4.28,2.79
420,13069,4.359999999999999,2.5
421,13071,4.29,2.6
422,13073,4.279999999999999,2.64
423,13075,4.115,2.25
424,13077,4.28,2.64
425,13079,4.2,3.0
426,13081,4.125,2.69
427,13083,4.57,2.0
428,13085,4.015,2.5
429,13087,4.085,3.0
430,13089,4.0,2.78
431,13091,4.035,2.5
432,13093,4.359999999999999,3.0
433,13095,4.1,2.7
434,13097,4.26,2.85
435,13099,4.25,2.0
436,13101,4.2,3.0
437,13103,4.2,3.0
438,13105,3.835,2.0
439,13107,4.34,2.5
440,13109,4.18,3.0
441,13111,4.31,2.67
442,13113,4.3149999999999995,3.1
443,13115,4.125,2.62
444,13117,4.235,2.86
445,13119,4.13,2.5
446,13121,4.115,3.23
447,13123,4.35,2.5
448,13125,4.2,2.891304347826087
449,13127,4.375,2.87
450,13129,4.25,2.53
451,13131,3.915,3.0
452,13133,4.015,3.67
453,13135,4.02,2.74
454,13137,4.225,2.86
455,13139,4.41,2.76
456,13141,4.2,3.0756521739130434
457,13143,4.0,2.5
458,13145,4.4350000000000005,2.8
459,13147,4.46,3.0
460,13149,4.2,3.0
461,13151,4.33,2.65
462,13153,4.14,2.62
463,13155,4.2,2.891304347826087
464,13157,3.7,3.0
465,13159,4.2,2.885652173913044
466,13161,4.16,2.33
467,13163,4.2,2.0
468,13165,4.2,2.0
469,13167,4.2,3.0
470,13169,4.2,2.0
471,13171,3.5,2.0
472,13173,4.2,3.0
473,13175,4.195,2.83
474,13177,4.2,3.0
475,13179,4.14,2.64
476,13181,4.2,2.885652173913044
477,13183,4.2,2.0
478,13185,4.285,2.55
479,13187,4.515000000000001,3.15
480,13189,4.43,2.6
481,13191,4.225,2.9
482,13193,3.25,2.5
483,13195,4.2,2.9243478260869566
484,13197,4.2,2.9565217391304346
485,13199,4.390000000000001,2.5
486,13201,4.2,3.0
487,13205,3.84,2.0
488,13207,4.215,2.62
489,13209,4.2,3.0
490,13211,4.175,2.75
491,13213,3.915,2.67
492,13215,4.205,2.87
493,13217,3.955,2.63
494,13219,4.625,2.5
495,13221,4.2,4.0
496,13223,4.4350000000000005,2.75
497,13225,4.17,2.4
498,13227,4.5600000000000005,2.33
499,13229,4.5,3.0
500,13231,5.0,4.0
501,13233,4.0,2.67
502,13235,4.0649999999999995,3.0
503,13237,3.91,3.0
504,13239,4.2,3.0
505,13241,4.355,2.75
506,13243,3.75,2.0
507,13245,4.07,2.68
508,13247,3.5300000000000002,2.75
509,13249,4.2,3.0
510,13251,3.875,2.0
511,13253,4.45,2.0
512,13255,4.11,2.44
513,13257,4.37,3.0
514,13259,4.2,2.0
515,13261,4.37,2.67
516,13263,4.2,3.0
517,13265,4.2,3.0
518,13267,4.085,2.0
519,13269,4.2,3.0
520,13271,4.07,3.0
521,13273,4.2,3.0
522,13275,3.875,2.73
523,13277,4.1899999999999995,2.6
524,13279,4.48,3.0
525,13281,4.46,3.2
526,13283,4.2,3.0
527,13285,4.3100000000000005,2.67
528,13287,3.79,2.17
529,13289,4.125,2.0
530,13291,4.53,3.0
531,13293,3.8,2.33
532,13295,4.365,2.6
533,13297,3.9850000000000003,2.33
534,13299,4.26,2.75
535,13301,4.2,3.0
536,13303,4.165,2.5
537,13305,3.925,2.67
538,13307,4.2,3.0
539,13309,3.585,3.0
540,13311,4.39,2.64
541,13313,4.215,2.53
542,13315,4.2,2.9565217391304346
543,13317,4.415,3.0
544,13319,4.2,3.0
545,13321,4.2,2.9243478260869566
546,15001,4.4350000000000005,3.36
547,15003,4.279999999999999,3.66
548,15005,4.2,3.0
549,15007,4.470000000000001,3.71
550,15009,4.42,3.72
551,16001,4.43,2.92
552,16003,4.2,3.0
553,16005,4.245,2.79
554,16007,4.0,3.0
555,16009,4.2,3.0
556,16011,4.16,2.67
557,16013,4.545,3.07
558,16015,3.7249999999999996,3.0
559,16017,4.44,2.8
560,16019,4.655,2.81
561,16021,4.49,2.5
562,16023,3.9699999999999998,2.0
563,16025,4.2,3.0
564,16027,4.385,2.67
565,16029,4.355,2.75
566,16031,4.2,2.7778260869565217
567,16033,4.2,3.0
568,16035,4.575,2.75
569,16037,4.195,2.5
570,16039,4.35,2.5
571,16041,4.335,2.67
572,16043,4.65,3.0
573,16045,4.2,3.0
574,16047,4.535,2.0
575,16049,4.4399999999999995,2.6
576,16051,4.25,2.5
577,16053,4.445,2.4
578,16055,4.435,2.97
579,16057,4.345,2.71
580,16059,4.279999999999999,2.5
581,16061,4.609999999999999,3.0
582,16063,4.2,3.0
583,16065,4.615,2.67
584,16067,4.35,2.6
585,16069,4.155,2.4
586,16071,4.2,3.0
587,16073,4.2,2.0
588,16075,2.75,3.0
589,16077,4.2,3.0
590,16079,4.3,2.57
591,16081,4.66,3.15
592,16083,4.41,2.93
593,16085,4.4399999999999995,2.55
594,16087,4.2,3.0
595,17001,4.335,2.73
596,17003,3.5,3.0
597,17005,4.025,2.4
598,17007,3.75,2.0
599,17009,4.2,3.0
600,17011,4.035,2.6
601,17013,4.2,2.7195652173913047
602,17015,4.4399999999999995,2.5
603,17017,2.875,2.0
604,17019,4.1850000000000005,2.71
605,17021,3.875,2.67
606,17023,4.3,2.33
607,17025,4.3149999999999995,2.5
608,17027,4.3,2.8
609,17029,4.359999999999999,2.67
610,17031,4.32,3.33
611,17033,3.9699999999999998,3.0
612,17035,2.75,2.0
613,17037,4.355,2.67
614,17039,3.835,2.0
615,17041,4.275,2.71
616,17043,4.31,3.2
617,17045,4.25,2.0
618,17047,4.2,3.0
619,17049,4.215,2.61
620,17051,4.37,2.6
621,17053,4.375,2.5
622,17055,4.165,2.5
623,17057,4.205,2.5
624,17059,4.2,3.0
625,17061,4.2,2.66
626,17063,4.4399999999999995,2.63
627,17065,4.2,3.0
628,17067,4.855,2.67
629,17069,4.2,3.0
630,17071,4.2,2.891304347826087
631,17073,4.455,2.5
632,17075,4.2,2.25
633,17077,4.34,2.64
634,17079,4.55,3.0
635,17081,4.41,2.75
636,17083,4.18,3.0
637,17085,4.47,3.24
638,17087,4.165,2.0
639,17089,4.32,2.81
640,17091,4.2,2.73
641,17093,4.27,3.0
642,17095,4.21,2.63
643,17097,4.245,2.9
644,17099,4.345000000000001,2.61
645,17101,4.375,2.0
646,17103,4.275,2.33
647,17105,4.555,2.75
648,17107,4.145,2.33
649,17109,4.17,2.43
650,17111,4.425,2.64
651,17113,4.3,2.83
652,17115,4.26,2.75
653,17117,4.35,2.5
654,17119,4.23,2.71
655,17121,4.390000000000001,2.4
656,17123,4.415,2.0
657,17125,4.2,2.7195652173913047
658,17127,4.404999999999999,2.71
659,17129,4.25,3.0
660,17131,4.2,3.0
661,17133,4.095,3.0
662,17135,4.445,2.71
663,17137,4.255,2.89
664,17139,4.2,2.703478260869565
665,17141,4.09,2.57
666,17143,4.175,2.84
667,17145,4.13,2.4
668,17147,4.07,2.5
669,17149,4.34,2.75
670,17151,4.68,2.5
671,17153,4.0,2.0
672,17155,4.2,2.66
673,17157,4.305,2.6
674,17159,4.0,2.67
675,17161,4.34,2.83
676,17163,4.1899999999999995,2.62
677,17165,4.48,2.5
678,17167,4.32,2.89
679,17169,4.2,2.0
680,17171,4.2,3.0
681,17173,4.29,2.5
682,17175,4.2,3.0
683,17177,4.235,2.8
684,17179,4.295,2.59
685,17181,4.32,2.5
686,17183,4.22,2.7
687,17185,4.75,2.0
688,17187,4.470000000000001,2.5
689,17189,4.415,2.5
690,17191,3.65,3.0
691,17193,4.359999999999999,2.5
692,17195,4.12,2.67
693,17197,3.7300000000000004,2.79
694,17199,4.48,2.71
695,17201,4.404999999999999,2.81
696,17203,2.75,2.0
697,18001,4.21,2.25
698,18003,4.225,2.86
699,18005,4.3100000000000005,2.89
700,18007,4.2,3.0
701,18009,4.2,3.0
702,18011,4.27,2.63
703,18013,4.32,3.23
704,18015,4.2,3.0
705,18017,4.415,2.5
706,18019,4.405,2.86
707,18021,4.355,3.0
708,18023,3.91,2.33
709,18025,4.2,2.8791304347826085
710,18027,4.345000000000001,3.0
711,18029,4.375,2.83
712,18031,4.52,3.0
713,18033,4.325,2.75
714,18035,4.165,2.54
715,18037,4.23,2.57
716,18039,3.96,2.77
717,18041,4.0,2.0
718,18043,3.965,3.0
719,18045,4.415,3.0
720,18047,4.5,3.0
721,18049,4.279999999999999,2.33
722,18051,4.4,2.75
723,18053,4.2,2.63
724,18055,4.75,3.0
725,18057,4.335,3.0
726,18059,4.34,2.71
727,18061,4.245,2.83
728,18063,4.215,2.89
729,18065,3.55,3.0
730,18067,4.08,2.67
731,18069,4.24,2.33
732,18071,4.175,2.45
733,18073,4.38,2.5
734,18075,4.279999999999999,2.67
735,18077,4.195,2.83
736,18079,4.0,3.0
737,18081,4.16,2.6
738,18083,4.3149999999999995,2.57
739,18085,4.375,2.83
740,18087,4.470000000000001,2.75
741,18089,3.9699999999999998,2.82
742,18091,4.225,2.73
743,18093,4.215,2.5
744,18095,4.23,2.64
745,18097,4.2,2.97
746,18099,4.234999999999999,3.17
747,18101,4.2,3.0
748,18103,4.45,2.5
749,18105,4.38,3.0
750,18107,4.08,2.67
751,18109,4.27,2.67
752,18111,4.0,3.0
753,18113,4.385,3.33
754,18115,4.375,3.33
755,18117,4.525,3.38
756,18119,4.2,3.0
757,18121,3.55,2.0
758,18123,4.18,3.0
759,18125,4.2,3.0
760,18127,4.26,2.79
761,18129,4.3149999999999995,2.67
762,18131,4.25,2.5
763,18133,4.18,2.38
764,18135,4.415,3.0
765,18137,4.835,3.0
766,18139,4.25,3.0
767,18141,4.4,2.87
768,18143,4.215,2.5
769,18145,4.1850000000000005,2.67
770,18147,4.135,2.67
771,18149,4.25,2.0
772,18151,4.0649999999999995,3.0
773,18153,4.32,2.0
774,18155,4.51,3.0
775,18157,4.220000000000001,2.74
776,18159,4.25,2.0
777,18161,4.0,3.0
778,18163,4.3,2.89
779,18165,3.75,3.0
780,18167,4.1850000000000005,2.76
781,18169,4.1899999999999995,3.25
782,18171,4.2,3.0
783,18173,4.57,3.0
784,18175,4.27,2.67
785,18177,4.205,2.5
786,18179,4.02,2.5
787,18181,4.275,2.71
788,18183,4.25,2.67
789,19001,4.16,3.0
790,19003,3.75,2.0
791,19005,4.365,3.0
792,19007,4.195,3.25
793,19009,4.75,3.0
794,19011,4.25,2.67
795,19013,4.35,2.7
796,19015,4.3,2.5
797,19017,4.1850000000000005,2.5
798,19019,4.2,2.5
799,19021,4.1,2.5
800,19023,4.2,2.7652173913043474
801,19025,4.2,2.7247826086956524
802,19027,4.1850000000000005,2.67
803,19029,4.365,2.6
804,19031,3.4699999999999998,2.5
805,19033,4.625,2.73
806,19035,3.95,3.0
807,19037,4.5,2.0
808,19039,4.125,2.57
809,19041,4.359999999999999,2.33
810,19043,4.6899999999999995,3.0
811,19045,4.265000000000001,2.63
812,19047,4.195,2.8
813,19049,4.345000000000001,2.94
814,19051,3.835,2.0
815,19053,4.465,2.67
816,19055,4.1899999999999995,2.0
817,19057,4.055,3.1
818,19059,4.51,3.07
819,19061,4.215,2.89
820,19063,4.35,2.5
821,19065,4.2,2.67
822,19067,3.96,2.67
823,19069,4.57,3.0
824,19071,3.95,2.5
825,19073,4.1850000000000005,3.0
826,19075,4.0,3.0
827,19077,4.2,3.0
828,19079,4.11,2.5
829,19081,4.2,3.0
830,19083,4.4350000000000005,2.5
831,19085,4.16,2.5
832,19087,4.25,2.17
833,19089,4.365,2.0
834,19091,4.75,2.5
835,19093,4.415,2.5
836,19095,4.305,2.5
837,19097,4.5649999999999995,2.6
838,19099,4.115,2.4
839,19101,4.27,2.67
840,19103,4.33,2.97
841,19105,4.41,2.67
842,19107,4.18,3.0
843,19109,4.275,2.75
844,19111,4.295,2.45
845,19113,4.18,2.83
846,19115,4.25,2.0
847,19117,4.5,2.0
848,19119,4.2,2.7652173913043474
849,19121,4.45,3.0
850,19123,4.14,2.4
851,19125,4.415,2.7
852,19127,4.285,2.83
853,19129,4.2,3.0
854,19131,3.75,3.0
855,19133,4.2,3.0
856,19135,4.32,2.0
857,19137,4.75,2.0
858,19139,4.4,2.89
859,19141,4.625,2.5
860,19143,4.525,3.0
861,19145,4.67,2.67
862,19147,4.4399999999999995,2.25
863,19149,3.95,2.5
864,19151,4.65,2.0
865,19153,4.4,2.86
866,19155,4.225,2.73
867,19157,4.3100000000000005,2.88
868,19159,4.2,2.7247826086956524
869,19161,4.625,3.0
870,19163,4.29,2.88
871,19165,3.875,2.67
872,19167,4.455,2.4
873,19169,4.255,2.79
874,19171,3.9699999999999998,2.67
875,19173,4.2,2.7247826086956524
876,19175,4.45,2.33
877,19177,4.2,2.703478260869565
878,19179,3.965,2.88
879,19181,4.4350000000000005,3.0
880,19183,4.35,2.67
881,19185,4.2,3.0
882,19187,4.195,2.75
883,19189,4.195,2.33
884,19191,4.57,3.14
885,19193,4.35,2.8
886,19195,4.529999999999999,3.0
887,19197,4.465,3.0
888,20001,4.1899999999999995,2.0
889,20003,3.75,3.0
890,20005,4.1899999999999995,2.5
891,20007,4.2,3.0
892,20009,4.25,2.67
893,20011,4.325,2.88
894,20013,4.15,3.0
895,20015,4.285,2.62
896,20017,4.2,3.0
897,20019,4.2,3.0
898,20021,4.2,2.6417391304347824
899,20023,4.2,3.0
900,20025,4.0,2.0
901,20027,4.2,3.0
902,20029,4.365,2.33
903,20031,4.2,3.0
904,20033,4.2,3.0
905,20035,4.35,2.4
906,20037,4.41,2.63
907,20039,4.585,2.67
908,20041,3.96,2.5
909,20043,4.2,3.0
910,20045,4.405,2.95
911,20047,4.2,3.0
912,20049,4.2,2.819130434782609
913,20051,4.35,2.53
914,20053,4.470000000000001,2.5
915,20055,4.455,2.5
916,20057,4.375,2.65
917,20059,3.94,2.33
918,20061,4.04,2.63
919,20063,4.279999999999999,2.67
920,20065,4.2,2.7004347826086956
921,20067,4.65,3.0
922,20069,4.2,3.0
923,20071,4.2,3.0
924,20073,4.2,2.819130434782609
925,20075,4.45,3.0
926,20077,4.085,2.33
927,20079,4.11,2.5
928,20081,4.2,3.0
929,20083,4.2,3.0
930,20085,4.1,2.0
931,20087,4.2,2.819130434782609
932,20089,4.2,2.819130434782609
933,20091,4.1450000000000005,2.85
934,20093,4.25,3.0
935,20095,4.2,3.0
936,20097,4.25,2.5
937,20099,4.29,2.33
938,20101,3.75,3.0
939,20103,4.515000000000001,2.71
940,20105,4.2,2.9565217391304346
941,20107,4.2,3.5
942,20109,4.07,2.67
943,20111,4.215,2.62
944,20113,4.1899999999999995,2.7
945,20115,4.5,3.0
946,20117,4.25,2.6
947,20119,4.2,3.0
948,20121,4.75,2.0
949,20123,4.2,2.0
950,20125,4.285,2.64
951,20127,4.2,2.7195652173913047
952,20129,4.2,3.0
953,20131,3.75,3.0
954,20133,4.455,2.4
955,20135,4.25,2.0
956,20137,3.75,3.0
957,20139,4.2,2.819130434782609
958,20141,4.2,3.0
959,20143,4.75,3.0
960,20145,4.195,2.0
961,20147,4.54,2.67
962,20149,4.279999999999999,2.8
963,20151,4.3149999999999995,2.56
964,20153,4.2,2.819130434782609
965,20155,4.13,2.62
966,20157,4.35,2.0
967,20159,4.385,3.0
968,20161,4.345000000000001,3.0
969,20163,4.2,3.0
970,20165,3.915,3.0
971,20167,4.359999999999999,2.75
972,20169,4.215,2.55
973,20171,4.55,3.0
974,20173,4.529999999999999,2.87
975,20175,4.26,2.57
976,20177,4.25,2.73
977,20179,4.2,3.0
978,20181,4.135,2.5
979,20183,4.2,3.0
980,20185,4.2,3.0
981,20187,4.2,3.0
982,20189,4.465,3.0
983,20191,4.46,2.25
984,20193,4.08,2.62
985,20195,4.325,2.33
986,20197,4.2,2.7004347826086956
987,20199,3.5,2.0
988,20201,3.75,2.0
989,20203,4.2,3.0
990,20205,4.25,3.0
991,20207,4.2,2.891304347826087
992,20209,4.075,2.95
993,21001,4.605,3.0
994,21003,3.95,2.0
995,21005,4.54,3.0
996,21007,4.2,3.0
997,21009,3.615,2.76
998,21011,4.2,3.0
999,21013,4.55,2.75
1000,21015,4.305,2.89
1001,21017,4.545,3.0
1002,21019,4.11,2.89
1003,21021,4.365,2.75
1004,21023,4.2,2.720434782608695
1005,21025,4.2,3.0
1006,21027,4.2,2.681304347826087
1007,21029,4.055,2.64
1008,21031,4.2,2.0
1009,21033,4.5,3.0
1010,21035,4.619999999999999,2.78
1011,21037,4.605,3.11
1012,21039,4.2,2.760869565217391
1013,21041,4.085,2.8
1014,21043,4.29,2.6
1015,21045,4.2,3.0
1016,21047,4.52,3.08
1017,21049,4.195,2.83
1018,21051,4.2,3.0
1019,21053,3.85,2.5
1020,21055,4.2,3.0
1021,21057,4.465,3.0
1022,21059,4.26,2.75
1023,21061,3.25,3.0
1024,21063,4.2,3.0
1025,21065,4.2,2.0
1026,21067,4.33,2.98
1027,21069,4.2,2.681304347826087
1028,21071,4.105,2.8
1029,21073,4.105,2.55
1030,21075,4.25,4.0
1031,21077,4.025,3.5
1032,21079,4.75,3.33
1033,21081,4.105,2.43
1034,21083,4.375,2.0
1035,21085,4.65,2.67
1036,21087,4.2,3.0
1037,21089,4.395,3.0
1038,21091,4.75,3.0
1039,21093,4.52,2.68
1040,21095,4.125,2.5
1041,21097,4.2,4.0
1042,21099,4.25,2.5
1043,21101,3.965,2.67
1044,21103,4.2,3.0
1045,21105,4.2,3.0
1046,21107,4.355,2.71
1047,21109,4.2,2.760869565217391
1048,21111,4.39,2.97
1049,21113,4.525,3.0
1050,21115,4.52,2.33
1051,21117,4.515000000000001,3.0
1052,21119,4.2,3.0
1053,21121,4.165,2.67
1054,21123,4.2,2.720434782608695
1055,21125,4.425,2.63
1056,21127,4.21,2.5
1057,21129,4.33,2.544782608695652
1058,21131,4.2,2.9243478260869566
1059,21133,4.2,2.891304347826087
1060,21135,4.2,3.0
1061,21137,4.2,2.681304347826087
1062,21139,4.45,2.5
1063,21141,4.75,3.0
1064,21143,4.675,2.57
1065,21145,4.41,2.75
1066,21147,4.085,2.0
1067,21149,4.2,3.0
1068,21151,4.415,2.7
1069,21153,4.2,3.0
1070,21155,4.415,3.0
1071,21157,4.49,2.58
1072,21159,4.25,3.0
1073,21161,4.42,2.67
1074,21163,4.4,2.8
1075,21165,4.45,2.970434782608695
1076,21167,4.16,2.67
1077,21169,4.2,3.0
1078,21171,4.2,2.760869565217391
1079,21173,4.25,2.75
1080,21175,4.2,2.0
1081,21177,4.135,2.5
1082,21179,4.205,3.0
1083,21181,3.25,3.0
1084,21183,4.2,2.0
1085,21185,4.37,3.0
1086,21187,4.25,3.0
1087,21189,4.265,2.579565217391304
1088,21191,4.45,3.0656521739130436
1089,21193,3.795,2.8
1090,21195,4.355,3.17
1091,21197,3.88,3.0
1092,21199,4.369999999999999,2.67
1093,21201,4.5649999999999995,4.0
1094,21203,4.14,2.25
1095,21205,4.23,2.5
1096,21207,4.335,2.5
1097,21209,4.29,2.53
1098,21211,4.16,2.67
1099,21213,4.3100000000000005,2.63
1100,21215,4.2,2.573478260869565
1101,21217,4.404999999999999,2.5
1102,21219,4.2,2.760869565217391
1103,21221,4.645,3.0
1104,21223,4.2,3.0
1105,21225,3.75,2.0
1106,21227,4.5600000000000005,2.82
1107,21229,4.25,4.0
1108,21231,4.085,2.67
1109,21233,4.2,2.760869565217391
1110,21235,4.32,3.0
1111,21237,4.25,2.5
1112,21239,4.595000000000001,3.75
1113,22001,4.36,2.25
1114,22003,3.16,2.69
1115,22005,4.395,3.0
1116,22007,4.115,4.0
1117,22009,4.3149999999999995,3.0
1118,22011,4.16,2.67
1119,22013,4.25,3.0
1120,22015,4.165,2.81
1121,22017,4.42,2.97
1122,22019,4.525,2.74
1123,22021,4.2,3.0
1124,22023,4.415,3.0
1125,22025,4.2,3.0
1126,22027,4.2,2.0
1127,22029,4.2,3.0
1128,22031,3.915,2.8
1129,22033,4.16,2.96
1130,22035,4.2,2.7300000000000004
1131,22037,4.2,3.0
1132,22039,4.3149999999999995,3.0
1133,22041,3.75,3.0
1134,22043,4.2,3.0
1135,22045,4.33,2.67
1136,22047,4.38,3.5
1137,22049,4.0649999999999995,2.5
1138,22051,4.075,2.97
1139,22053,4.2,2.75
1140,22055,4.205,2.85
1141,22057,4.4350000000000005,3.0
1142,22059,4.2,3.0
1143,22061,4.45,2.75
1144,22063,4.26,2.82
1145,22065,3.8200000000000003,2.0
1146,22067,3.8,3.0
1147,22069,4.605,2.88
1148,22071,4.475,3.37
1149,22073,3.8499999999999996,2.74
1150,22075,4.359999999999999,2.67
1151,22077,4.375,2.25
1152,22079,4.365,2.75
1153,22081,4.2,3.0
1154,22083,4.325,2.6
1155,22085,4.405,3.2
1156,22087,4.55,2.67
1157,22089,4.21,2.6
1158,22091,4.2,3.0
1159,22093,3.885,2.67
1160,22095,4.279999999999999,2.57
1161,22097,4.21,2.58
1162,22099,4.325,2.71
1163,22101,4.18,2.92
1164,22103,4.470000000000001,2.89
1165,22105,4.085,2.78
1166,22107,4.2,2.681304347826087
1167,22109,4.359999999999999,2.8
1168,22111,4.25,3.0
1169,22113,4.475,2.38
1170,22115,4.205,2.75
1171,22117,4.2,2.760869565217391
1172,22119,4.38,3.4
1173,22121,4.305,2.73
1174,22123,4.2,3.0
1175,22125,4.425,3.0
1176,22127,4.2,3.0
1177,23001,4.29,3.14
1178,23003,4.275,2.9
1179,23005,4.465,3.12
1180,23007,4.41,3.14
1181,23009,4.54,3.0
1182,23011,4.575,2.82
1183,23013,4.67,3.39
1184,23015,4.65,3.18
1185,23017,4.58,3.24
1186,23019,4.375,2.73
1187,23021,4.8100000000000005,3.4
1188,23023,4.665,3.45
1189,23025,4.345000000000001,2.67
1190,23027,4.5600000000000005,3.08
1191,23029,4.5,3.0
1192,23031,4.51,3.0
1193,24001,4.345000000000001,2.76
1194,24003,4.375,3.07
1195,24005,3.92,2.85
1196,24009,4.35,2.83
1197,24011,4.365,3.0
1198,24013,4.155,2.67
1199,24015,4.21,2.77
1200,24017,4.465,2.93
1201,24019,4.285,3.0
1202,24021,4.46,2.97
1203,24023,4.25,2.9
1204,24025,4.255,2.68
1205,24027,4.24,2.94
1206,24029,4.345,3.0
1207,24031,4.265000000000001,3.27
1208,24033,4.21,2.96
1209,24035,4.305,3.14
1210,24037,4.25,2.87
1211,24039,3.9299999999999997,2.89
1212,24041,4.485,3.39
1213,24043,4.365,2.75
1214,24045,4.095,2.67
1215,24047,4.37,2.66
1216,24510,4.33,3.39
1217,25001,4.49,3.02
1218,25003,4.484999999999999,3.12
1219,25005,4.375,2.82
1220,25007,4.6850000000000005,3.28
1221,25009,4.37,3.29
1222,25011,4.335,2.89
1223,25013,4.415,2.79
1224,25015,4.43,2.88
1225,25017,4.285,3.23
1226,25019,4.67,3.62
1227,25021,4.265000000000001,3.04
1228,25023,4.365,2.84
1229,25025,4.25,3.63
1230,25027,4.31,2.92
1231,26001,4.25,3.0
1232,26003,4.485,2.93
1233,26005,4.48,3.34
1234,26007,4.279999999999999,2.67
1235,26009,4.43,3.5
1236,26011,4.115,2.5
1237,26013,4.375,2.5
1238,26015,4.5600000000000005,3.0
1239,26017,4.215,2.86
1240,26019,4.49,2.92
1241,26021,4.359999999999999,2.98
1242,26023,4.115,2.71
1243,26025,4.05,2.57
1244,26027,3.79,2.0
1245,26029,4.484999999999999,2.75
1246,26031,3.915,2.56
1247,26033,4.279999999999999,2.88
1248,26035,4.09,3.0
1249,26037,3.77,2.67
1250,26039,4.275,2.75
1251,26041,4.215,2.44
1252,26043,4.375,2.64
1253,26045,4.26,2.88
1254,26047,4.59,2.78
1255,26049,4.09,2.63
1256,26051,4.2,3.1130434782608694
1257,26053,4.375,2.38
1258,26055,4.4,2.84
1259,26057,3.9299999999999997,2.6
1260,26059,4.13,2.75
1261,26061,4.53,2.67
1262,26063,4.125,2.4
1263,26065,4.265000000000001,2.85
1264,26067,4.125,2.67
1265,26069,4.345000000000001,2.88
1266,26071,4.35,3.0
1267,26073,4.385,2.92
1268,26075,4.37,2.67
1269,26077,4.055,2.88
1270,26079,4.085,2.5
1271,26081,4.425000000000001,2.95
1272,26083,4.484999999999999,3.0
1273,26085,4.885,3.5
1274,26087,4.63,2.4
1275,26089,4.5600000000000005,2.9
1276,26091,4.17,2.67
1277,26093,4.55,2.82
1278,26095,4.27,3.0
1279,26097,4.495,2.88
1280,26099,4.465,2.76
1281,26101,4.445,2.6
1282,26103,4.51,2.65
1283,26105,4.37,2.79
1284,26107,4.37,3.14
1285,26109,4.779999999999999,2.5
1286,26111,4.475,3.0
1287,26113,4.25,2.6782608695652175
1288,26115,3.44,2.79
1289,26117,4.54,2.67
1290,26119,4.5,2.5
1291,26121,4.48,2.85
1292,26123,4.945,3.0
1293,26125,4.055,2.97
1294,26127,4.295,2.75
1295,26129,4.35,3.0
1296,26131,4.62,3.0
1297,26133,4.585,3.0
1298,26135,4.2,3.0773913043478256
1299,26137,4.25,2.8
1300,26139,4.32,2.77
1301,26141,4.2,3.0
1302,26143,4.48,2.63
1303,26145,4.39,2.72
1304,26147,4.42,2.77
1305,26149,3.99,2.33
1306,26151,4.25,2.67
1307,26153,4.09,2.5
1308,26155,4.38,3.0
1309,26157,4.5,3.2
1310,26159,4.3100000000000005,2.6
1311,26161,4.31,3.05
1312,26163,3.67,3.06
1313,26165,4.5600000000000005,2.64
1314,27001,4.355,2.33
1315,27003,4.145,2.93
1316,27005,4.365,2.88
1317,27007,4.395,2.8
1318,27009,3.8,2.5
1319,27011,4.035,2.0
1320,27013,4.275,2.67
1321,27015,4.275,2.33
1322,27017,4.2,3.0
1323,27019,4.27,2.78
1324,27021,4.68,3.0
1325,27023,4.2,2.0
1326,27025,4.35,2.5
1327,27027,4.32,2.5
1328,27029,4.2,2.0
1329,27031,4.405,2.72
1330,27033,4.4,2.5
1331,27035,4.49,2.84
1332,27037,4.13,2.85
1333,27039,4.45,2.0
1334,27041,4.16,2.6
1335,27043,4.21,2.0
1336,27045,4.675000000000001,2.8
1337,27047,4.3,2.78
1338,27049,4.395,2.88
1339,27051,4.2,3.0
1340,27053,4.41,3.34
1341,27055,4.2,3.094347826086956
1342,27057,4.3149999999999995,3.17
1343,27059,4.625,3.0
1344,27061,4.335,2.88
1345,27063,4.25,2.5
1346,27065,4.415,3.0
1347,27067,4.535,2.7
1348,27069,4.25,2.0
1349,27071,4.279999999999999,2.0
1350,27073,4.2,3.0
1351,27075,4.505,2.67
1352,27077,4.475,3.0
1353,27079,4.085,2.5
1354,27081,4.2,3.0
1355,27083,4.25,2.67
1356,27085,4.12,2.5
1357,27087,4.2,2.9243478260869566
1358,27089,4.2,3.0
1359,27091,4.035,2.8
1360,27093,4.1899999999999995,2.75
1361,27095,4.235,2.86
1362,27097,4.25,3.0
1363,27099,4.205,2.43
1364,27101,4.2,3.0
1365,27103,3.94,2.75
1366,27105,4.145,2.43
1367,27107,4.2,3.0
1368,27109,4.220000000000001,2.91
1369,27111,4.155,2.85
1370,27113,4.4399999999999995,2.8
1371,27115,4.075,2.67
1372,27117,3.915,2.67
1373,27119,4.365,2.8
1374,27121,4.335,2.8
1375,27123,4.33,2.97
1376,27125,4.2,2.0
1377,27127,4.404999999999999,2.4
1378,27129,4.2,2.0
1379,27131,4.25,2.92
1380,27133,4.25,2.67
1381,27135,4.25,2.75
1382,27137,4.445,2.92
1383,27139,4.3,2.67
1384,27141,4.195,3.0
1385,27143,4.5,2.0
1386,27145,4.285,2.57
1387,27147,3.92,2.78
1388,27149,3.925,2.67
1389,27151,4.2,3.0
1390,27153,3.75,2.0
1391,27155,4.2,3.0
1392,27157,4.855,3.0
1393,27159,4.095,3.0
1394,27161,3.665,2.5
1395,27163,4.375,3.04
1396,27165,4.4,2.5
1397,27167,4.05,2.0
1398,27169,4.67,2.89
1399,27171,4.225,2.45
1400,27173,4.4399999999999995,3.0
1401,28001,4.495,3.41
1402,28003,4.385,2.8
1403,28005,4.2,3.0
1404,28007,3.965,2.0
1405,28009,4.2,3.0
1406,28011,4.765000000000001,2.67
1407,28013,4.2,4.0
1408,28015,4.2,3.0
1409,28017,4.375,3.0
1410,28019,4.2,3.0
1411,28021,4.5,3.67
1412,28023,4.2,3.0
1413,28025,4.05,2.67
1414,28027,3.745,2.83
1415,28029,4.25,2.0
1416,28031,4.2,3.0
1417,28033,4.345000000000001,2.8
1418,28035,4.3149999999999995,2.92
1419,28037,4.2,3.0
1420,28039,4.0,2.5
1421,28041,4.2,3.0
1422,28043,4.11,2.5
1423,28045,4.32,3.0
1424,28047,4.425,2.96
1425,28049,4.0,2.85
1426,28051,4.2,2.9565217391304346
1427,28053,4.2,3.0
1428,28055,4.2,2.9347826086956523
1429,28057,4.34,2.33
1430,28059,4.215,2.6
1431,28061,4.2,3.0
1432,28063,4.2,3.0
1433,28065,3.25,2.5
1434,28067,4.26,2.63
1435,28069,4.2,3.0
1436,28071,4.585,3.2
1437,28073,4.37,2.73
1438,28075,4.255,2.7
1439,28077,4.2,2.0
1440,28079,4.2,2.0
1441,28081,4.305,2.78
1442,28083,4.1899999999999995,2.88
1443,28085,4.285,2.71
1444,28087,4.234999999999999,2.87
1445,28089,4.3100000000000005,2.77
1446,28091,4.404999999999999,3.0
1447,28093,3.875,2.5
1448,28095,3.895,2.0
1449,28097,4.105,2.5
1450,28099,4.4,2.75
1451,28101,3.75,2.0
1452,28103,4.2,3.0
1453,28105,4.555,2.64
1454,28107,4.43,2.43
1455,28109,4.285,2.2
1456,28111,4.2,3.0
1457,28113,4.29,2.86
1458,28115,3.875,2.0
1459,28117,4.165,2.5
1460,28119,4.2,3.0
1461,28121,4.215,2.77
1462,28123,4.14,2.4
1463,28125,4.2,3.0
1464,28127,4.25,2.75
1465,28129,4.2,3.0
1466,28131,4.455,3.0
1467,28133,4.115,2.25
1468,28135,4.2,3.0
1469,28137,4.625,2.33
1470,28139,4.085,3.0
1471,28141,2.75,2.0
1472,28143,4.255,2.85
1473,28145,4.505,2.8
1474,28147,4.2,3.0
1475,28149,4.23,2.79
1476,28151,4.455,2.5
1477,28153,3.25,2.0
1478,28155,3.6799999999999997,3.0
1479,28157,4.2,2.9347826086956523
1480,28159,4.12,2.67
1481,28161,4.45,3.0143478260869565
1482,28163,4.45,2.4
1483,29001,4.205,2.5
1484,29003,4.2,2.66
1485,29005,3.75,2.0
1486,29007,4.0,2.25
1487,29009,4.425,2.25
1488,29011,4.5,2.0
1489,29013,4.0,2.5
1490,29015,4.484999999999999,2.67
1491,29017,4.2,2.66
1492,29019,4.45,2.82
1493,29021,4.23,2.75
1494,29023,4.390000000000001,2.67
1495,29025,3.95,3.0217391304347827
1496,29027,4.359999999999999,2.55
1497,29029,4.445,2.97
1498,29031,4.654999999999999,2.92
1499,29033,4.0,2.0
1500,29035,4.45,2.859565217391305
1501,29037,4.13,2.44
1502,29039,2.75,3.0
1503,29041,4.2,2.66
1504,29043,3.955,2.5
1505,29045,4.2,2.677826086956522
1506,29047,3.3449999999999998,2.97
1507,29049,4.2,3.0
1508,29051,4.17,2.81
1509,29053,4.575,2.88
1510,29055,4.4399999999999995,2.0
1511,29057,4.2,2.703478260869565
1512,29059,4.2,2.66
1513,29061,4.335,3.0
1514,29063,4.32,2.29
1515,29065,4.529999999999999,3.0
1516,29067,4.25,2.5
1517,29069,3.415,2.0
1518,29071,4.415,2.53
1519,29073,4.735,3.5
1520,29075,4.2,3.0
1521,29077,4.195,2.92
1522,29079,4.2,2.0
1523,29081,4.265000000000001,2.33
1524,29083,4.21,2.33
1525,29085,4.2,2.7243478260869565
1526,29087,4.2,3.0
1527,29089,4.2,3.0
1528,29091,4.495,2.75
1529,29093,4.75,3.0
1530,29095,4.140000000000001,3.1
1531,29097,4.37,2.64
1532,29099,4.395,2.89
1533,29101,4.1899999999999995,2.75
1534,29103,4.2,3.0
1535,29105,3.98,2.33
1536,29107,4.02,2.33
1537,29109,4.4350000000000005,2.75
1538,29111,4.595000000000001,3.0
1539,29113,4.29,2.25
1540,29115,4.665,2.5
1541,29117,4.4,2.6
1542,29119,4.355,2.0
1543,29121,4.3,2.8
1544,29123,4.15,3.0
1545,29125,4.2,2.7195652173913047
1546,29127,4.365,2.73
1547,29129,4.2,2.891304347826087
1548,29131,4.085,2.5
1549,29133,3.875,2.33
1550,29135,4.2,3.0
1551,29137,3.75,2.0
1552,29139,4.03,2.0
1553,29141,4.15,2.5
1554,29143,4.470000000000001,2.67
1555,29145,4.305,2.6
1556,29147,4.470000000000001,3.0
1557,29149,4.2,3.0
1558,29151,4.25,3.0
1559,29153,4.2,3.0
1560,29155,4.52,2.5
1561,29157,4.359999999999999,2.5
1562,29159,4.165,2.7
1563,29161,4.27,2.56
1564,29163,4.385,2.0
1565,29165,3.9,2.92
1566,29167,4.52,2.8
1567,29169,4.33,2.68
1568,29171,4.2,3.0
1569,29173,3.525,3.0
1570,29175,3.925,2.67
1571,29177,4.45,2.0
1572,29179,4.2,2.7195652173913047
1573,29181,4.2,2.7195652173913047
1574,29183,4.43,2.8
1575,29185,4.2,2.7195652173913047
1576,29186,4.25,2.33
1577,29187,4.3149999999999995,2.63
1578,29189,4.335,3.02
1579,29195,4.345000000000001,2.33
1580,29197,4.2,3.0
1581,29199,4.2,3.0
1582,29201,4.390000000000001,2.57
1583,29203,4.665,3.0
1584,29205,4.25,2.0
1585,29207,3.96,2.75
1586,29209,4.57,2.92
1587,29211,4.2,2.66
1588,29213,4.46,2.77
1589,29215,4.335,2.0
1590,29217,4.3149999999999995,2.43
1591,29219,4.105,2.17
1592,29221,3.35,3.0
1593,29223,3.7,2.717391304347826
1594,29225,4.375,3.2
1595,29227,4.2,3.0
1596,29229,4.25,2.0
1597,29510,4.390000000000001,3.6
1598,30001,4.34,2.6
1599,30003,4.13,2.0
1600,30005,4.2,3.0
1601,30007,4.415,2.0
1602,30009,4.505,2.88
1603,30011,4.2,3.0
1604,30013,4.475,2.74
1605,30015,4.625,3.0
1606,30017,4.375,2.57
1607,30019,4.2,3.0
1608,30021,4.165,2.78
1609,30023,4.82,3.0
1610,30025,3.625,2.0
1611,30027,4.085,2.5
1612,30029,4.68,2.84
1613,30031,4.51,2.83
1614,30033,4.2,3.0
1615,30035,4.59,2.5
1616,30037,4.2,3.0
1617,30039,4.42,2.8895652173913047
1618,30041,4.48,2.75
1619,30043,4.5,2.5
1620,30045,4.2,3.0
1621,30047,4.54,3.33
1622,30049,4.33,2.92
1623,30051,4.2,3.0
1624,30053,4.529999999999999,3.0
1625,30055,4.2,3.0
1626,30057,4.705,3.33
1627,30059,4.2,2.6734782608695653
1628,30061,4.525,2.5
1629,30063,4.4399999999999995,2.74
1630,30065,4.415,3.0
1631,30067,4.5600000000000005,2.8
1632,30069,4.2,3.0
1633,30071,3.75,2.5
1634,30073,4.415,2.0
1635,30075,4.75,3.0
1636,30077,4.105,2.0
1637,30079,4.2,2.0
1638,30081,4.595,2.91
1639,30083,4.555,2.88
1640,30085,4.05,2.0
1641,30087,4.75,4.0
1642,30089,4.585,3.14
1643,30091,4.2,3.0
1644,30093,4.585,2.87
1645,30095,4.5,2.0
1646,30097,4.125,2.0
1647,30099,4.625,3.0
1648,30101,4.165,2.5
1649,30103,4.2,3.0
1650,30105,4.2,3.0
1651,30107,4.2,3.0
1652,30109,4.415,3.0
1653,30111,4.43,2.84
1654,31001,4.325,2.4
1655,31003,4.2,3.0
1656,31005,4.2,2.9565217391304346
1657,31007,4.2,3.0
1658,31009,4.2,3.0
1659,31011,3.915,3.0
1660,31013,3.6950000000000003,2.71
1661,31015,4.2,3.0
1662,31017,4.5,2.0
1663,31019,4.43,2.79
1664,31021,4.2,2.6160869565217393
1665,31023,4.2,3.0
1666,31025,4.2,2.665217391304348
1667,31027,4.415,3.0
1668,31029,4.2,3.0
1669,31031,4.415,2.6
1670,31033,4.4350000000000005,2.67
1671,31035,4.2,3.0
1672,31037,4.5,2.5
1673,31039,4.55,2.0
1674,31041,4.585,3.0
1675,31043,4.135,2.67
1676,31045,4.055,2.5
1677,31047,4.29,2.33
1678,31049,4.3149999999999995,2.0
1679,31051,4.2,2.9565217391304346
1680,31053,4.24,2.38
1681,31055,4.265000000000001,3.05
1682,31057,4.2,3.0
1683,31059,4.2,3.0
1684,31061,4.2,3.0
1685,31063,4.2,3.0
1686,31065,4.465,3.0
1687,31067,4.3100000000000005,2.25
1688,31069,4.5,2.0
1689,31071,4.2,3.0
1690,31073,4.2,2.665217391304348
1691,31075,4.2,3.0
1692,31077,4.2,3.0
1693,31079,4.275,2.65
1694,31081,4.2,2.725217391304348
1695,31083,4.2,3.0
1696,31085,4.2,3.0
1697,31087,4.2,3.0
1698,31089,4.25,2.67
1699,31091,4.2,3.0
1700,31093,3.625,3.0
1701,31095,4.415,3.0
1702,31097,4.125,3.0
1703,31099,4.2,2.6160869565217393
1704,31101,4.43,2.44
1705,31103,4.2,3.0
1706,31105,4.18,2.0
1707,31107,4.2,2.6160869565217393
1708,31109,4.525,2.81
1709,31111,4.38,2.58
1710,31113,4.2,3.0
1711,31115,4.2,3.0
1712,31117,4.2,3.0
1713,31119,4.285,2.5
1714,31121,4.25,2.0
1715,31123,4.615,3.0
1716,31125,4.2,3.0
1717,31127,4.2,3.0
1718,31129,4.2,3.0
1719,31131,4.385,2.71
1720,31133,4.2,3.0
1721,31135,4.2,3.0
1722,31137,4.25,2.0
1723,31139,4.2,3.0
1724,31141,4.4350000000000005,2.63
1725,31143,4.2,2.9565217391304346
1726,31145,4.455,2.75
1727,31147,4.2,2.665217391304348
1728,31149,4.2,3.0
1729,31151,4.25,2.5
1730,31153,4.17,2.73
1731,31155,4.2,2.665217391304348
1732,31157,4.41,2.53
1733,31159,4.125,2.5
1734,31161,4.2,3.0
1735,31163,4.2,2.6160869565217393
1736,31165,4.2,3.0
1737,31167,4.2,3.0
1738,31169,4.2,3.0
1739,31171,4.2,3.0
1740,31173,4.2,3.0
1741,31175,4.5,3.0
1742,31177,3.75,2.67
1743,31179,4.3,2.5
1744,31181,4.2,3.0
1745,31183,4.2,3.0
1746,31185,4.205,2.6
1747,32001,4.26,2.63
1748,32003,4.17,3.37
1749,32005,4.105,3.3
1750,32007,4.155,2.57
1751,32009,4.2,2.9565217391304346
1752,32011,4.2,3.0
1753,32013,4.235,2.5
1754,32015,4.37,2.5
1755,32017,4.415,3.0
1756,32019,4.235,2.5
1757,32021,4.345000000000001,2.0
1758,32023,4.36,2.75
1759,32027,4.09,2.33
1760,32029,4.25,2.5
1761,32031,4.205,2.95
1762,32033,4.1899999999999995,2.64
1763,32510,4.165,2.38
1764,33001,4.375,2.97
1765,33003,4.455,3.0
1766,33005,4.3149999999999995,3.0
1767,33007,4.465,3.08
1768,33009,4.335,2.99
1769,33011,4.33,3.03
1770,33013,4.355,3.16
1771,33015,4.32,2.81
1772,33017,4.3149999999999995,2.92
1773,33019,4.375,3.0
1774,34001,4.17,2.68
1775,34003,4.255,3.02
1776,34005,3.925,2.81
1777,34007,3.95,2.58
1778,34009,4.505,2.73
1779,34011,4.125,2.73
1780,34013,3.915,3.2
1781,34015,4.195,2.82
1782,34017,4.09,2.91
1783,34019,4.23,3.18
1784,34021,4.4,3.0
1785,34023,3.945,2.94
1786,34025,4.27,2.95
1787,34027,4.025,2.98
1788,34029,4.3100000000000005,2.63
1789,34031,4.13,2.78
1790,34033,4.32,2.6
1791,34035,3.87,3.09
1792,34037,4.505,3.17
1793,34039,3.415,3.19
1794,34041,3.96,2.5
1795,35001,4.29,2.87
1796,35003,4.2,3.0
1797,35005,4.3100000000000005,2.75
1798,35006,3.7199999999999998,2.56
1799,35007,4.46,2.56
1800,35009,4.48,2.58
1801,35011,4.2,2.0
1802,35013,4.385,2.83
1803,35015,3.9299999999999997,2.87
1804,35017,4.355,2.6
1805,35019,4.1850000000000005,2.44
1806,35021,4.2,3.0
1807,35023,4.37,2.71
1808,35025,3.565,2.91
1809,35027,4.470000000000001,2.65
1810,35028,4.529999999999999,2.83
1811,35029,4.359999999999999,2.64
1812,35031,4.37,2.56
1813,35033,4.2,2.9243478260869566
1814,35035,4.37,2.56
1815,35037,4.32,2.47
1816,35039,4.165,2.58
1817,35041,4.335,2.5
1818,35043,4.46,2.93
1819,35045,4.385,2.69
1820,35047,4.24,2.5
1821,35049,4.46,3.37
1822,35051,4.359999999999999,3.0
1823,35053,4.075,2.56
1824,35055,4.555,3.1
1825,35057,4.245,2.5
1826,35059,4.48,2.67
1827,35061,4.1,2.67
1828,36001,3.7800000000000002,2.81
1829,36003,4.53,2.5
1830,36005,4.18,2.63
1831,36007,4.27,2.78
1832,36009,4.525,3.08
1833,36011,4.475,3.08
1834,36013,4.33,2.95
1835,36015,4.295,2.73
1836,36017,4.24,2.67
1837,36019,4.23,2.67
1838,36021,4.44,3.3
1839,36023,4.265000000000001,2.85
1840,36025,4.58,3.08
1841,36027,4.295,3.16
1842,36029,4.39,2.89
1843,36031,4.550000000000001,3.02
1844,36033,4.51,2.89
1845,36035,4.619999999999999,2.6
1846,36037,4.33,2.78
1847,36039,4.525,3.07
1848,36041,4.515000000000001,2.5
1849,36043,4.38,2.92
1850,36045,4.38,2.69
1851,36047,4.32,3.07
1852,36049,4.415,3.0
1853,36051,4.63,3.0
1854,36053,4.255,3.33
1855,36055,4.33,3.02
1856,36057,4.13,2.75
1857,36059,4.48,2.96
1858,36061,4.145,3.82
1859,36063,4.38,2.68
1860,36065,4.535,3.03
1861,36067,4.275,3.03
1862,36069,4.359999999999999,2.98
1863,36071,4.154999999999999,2.78
1864,36073,4.0,3.0
1865,36075,4.335,2.71
1866,36077,4.595,2.88
1867,36079,4.07,2.5
1868,36081,4.125,2.91
1869,36083,4.4,2.71
1870,36085,3.605,2.89
1871,36087,4.27,3.1
1872,36089,4.5,3.1
1873,36091,4.595000000000001,3.07
1874,36093,4.355,3.08
1875,36095,4.115,2.5
1876,36097,4.545,3.14
1877,36099,4.385,3.3
1878,36101,4.359999999999999,2.81
1879,36103,4.31,3.17
1880,36105,4.335,3.06
1881,36107,4.3100000000000005,2.88
1882,36109,4.355,3.0
1883,36111,4.38,3.07
1884,36113,4.465,2.81
1885,36115,4.1,2.67
1886,36117,4.49,3.0
1887,36119,4.195,3.19
1888,36121,4.2,4.0
1889,36123,4.5600000000000005,3.29
1890,37001,4.29,2.65
1891,37003,4.2,3.003478260869565
1892,37005,4.484999999999999,2.67
1893,37007,4.2,3.0
1894,37009,4.35,3.0
1895,37011,4.54,2.86
1896,37013,3.77,2.75
1897,37015,4.2,3.0
1898,37017,4.75,3.0
1899,37019,4.45,2.92
1900,37021,4.455,3.28
1901,37023,4.17,2.71
1902,37025,4.3149999999999995,2.76
1903,37027,4.425,2.67
1904,37029,4.2,3.0
1905,37031,4.0600000000000005,2.79
1906,37033,4.2,2.9856521739130435
1907,37035,4.2,2.94
1908,37037,3.625,2.67
1909,37039,4.59,2.67
1910,37041,4.404999999999999,3.0
1911,37043,4.235,2.0
1912,37045,4.275,2.79
1913,37047,4.085,2.5
1914,37049,4.09,2.85
1915,37051,3.1950000000000003,2.79
1916,37053,4.58,3.0
1917,37055,4.43,2.96
1918,37057,4.0600000000000005,2.45
1919,37059,3.94,2.75
1920,37061,3.835,2.67
1921,37063,4.2,3.13
1922,37065,4.045,2.67
1923,37067,4.355,3.02
1924,37069,4.2,2.0
1925,37071,4.3,2.69
1926,37073,4.25,3.0
1927,37075,4.645,2.86
1928,37077,4.275,2.43
1929,37079,4.2,2.9565217391304346
1930,37081,3.915,2.89
1931,37083,4.265000000000001,2.67
1932,37085,4.225,2.9
1933,37087,4.425,2.72
1934,37089,4.495,2.97
1935,37091,3.19,3.0
1936,37093,4.25,3.0
1937,37095,4.25,3.5
1938,37097,4.35,2.73
1939,37099,4.345000000000001,2.92
1940,37101,4.235,2.61
1941,37103,4.2,3.0
1942,37105,3.9,2.71
1943,37107,4.25,2.75
1944,37109,4.45,2.67
1945,37111,4.52,3.0
1946,37113,4.445,3.1
1947,37115,4.61,3.0
1948,37117,4.0600000000000005,2.5
1949,37119,4.225,2.94
1950,37121,4.0600000000000005,2.0
1951,37123,4.17,2.0
1952,37125,4.45,2.83
1953,37127,4.03,2.79
1954,37129,4.24,2.81
1955,37131,3.3600000000000003,2.0
1956,37133,4.165,2.71
1957,37135,4.285,3.27
1958,37137,4.2,3.1739130434782608
1959,37139,4.275,2.8
1960,37141,4.32,3.0730434782608698
1961,37143,4.2,3.094347826086956
1962,37145,4.215,2.25
1963,37147,4.2,2.68
1964,37149,4.395,2.8
1965,37151,4.15,2.86
1966,37153,4.325,2.38
1967,37155,4.22,2.48
1968,37157,4.395,2.78
1969,37159,4.16,2.44
1970,37161,4.635,3.0
1971,37163,3.9450000000000003,3.2
1972,37165,4.345000000000001,3.0
1973,37167,4.225,2.8
1974,37169,4.085,2.0
1975,37171,4.609999999999999,2.64
1976,37173,4.425000000000001,2.62
1977,37175,4.654999999999999,3.33
1978,37177,4.2,3.003478260869565
1979,37179,4.085,2.63
1980,37181,3.875,2.78
1981,37183,4.1,2.96
1982,37185,4.315,3.0
1983,37187,3.5,2.5
1984,37189,4.465,3.17
1985,37191,4.2,2.67
1986,37193,4.675,2.6
1987,37195,3.935,2.79
1988,37197,4.255,2.43
1989,37199,4.725,2.5
1990,38001,4.2,3.0
1991,38003,4.375,3.0
1992,38005,4.2,2.6160869565217393
1993,38007,4.3149999999999995,3.0
1994,38009,4.32,3.0
1995,38011,4.195,3.0
1996,38013,4.2,3.0
1997,38015,4.325,2.76
1998,38017,4.335,2.78
1999,38019,4.25,2.5
2000,38021,4.2,3.0
2001,38023,4.2,3.0
2002,38025,4.25,3.0
2003,38027,4.125,2.0
2004,38029,4.585,3.0
2005,38031,4.415,3.5
2006,38033,4.2,3.0
2007,38035,4.3149999999999995,2.63
2008,38037,4.2,3.0
2009,38039,4.2,3.0
2010,38041,4.2,3.0
2011,38043,4.415,3.0
2012,38045,4.2,3.0
2013,38047,4.2,3.0
2014,38049,4.2,3.0
2015,38051,4.2,2.665217391304348
2016,38053,4.42,2.82
2017,38055,4.75,2.5
2018,38057,4.5,3.0
2019,38059,4.17,2.5
2020,38061,4.355,2.63
2021,38063,4.25,2.0
2022,38065,4.2,3.0
2023,38067,4.2,3.0
2024,38069,4.15,2.67
2025,38071,4.475,2.83
2026,38073,4.2,3.0
2027,38075,4.2,3.0
2028,38077,4.57,2.33
2029,38079,4.2,3.0
2030,38081,4.2,3.0
2031,38083,4.2,3.0
2032,38085,4.2,3.0
2033,38087,4.2,3.0
2034,38089,4.345000000000001,2.8
2035,38091,4.2,3.0
2036,38093,4.415,2.67
2037,38095,4.2,3.0
2038,38097,4.2,3.0
2039,38099,4.25,3.0
2040,38101,4.3149999999999995,2.82
2041,38103,4.585,3.0
2042,38105,4.24,2.85
2043,39001,4.75,3.0
2044,39003,4.335,2.53
2045,39005,4.51,2.88
2046,39007,4.295,2.8
2047,39009,4.355,2.55
2048,39011,4.4,2.8
2049,39013,4.32,2.59
2050,39015,4.22,2.75
2051,39017,4.53,3.07
2052,39019,4.720000000000001,3.2
2053,39021,4.2,3.0
2054,39023,4.075,2.71
2055,39025,4.11,2.77
2056,39027,4.38,2.6
2057,39029,4.63,2.83
2058,39031,4.285,3.0
2059,39033,4.5,2.8
2060,39035,4.225,3.12
2061,39037,4.4,2.75
2062,39039,4.515000000000001,3.0
2063,39041,4.34,3.0
2064,39043,4.415,2.63
2065,39045,4.325,2.88
2066,39047,4.29,2.75
2067,39049,3.975,2.95
2068,39051,4.14,3.0
2069,39053,4.3,2.5
2070,39055,4.5649999999999995,4.0
2071,39057,4.529999999999999,2.85
2072,39059,4.415,2.93
2073,39061,4.26,3.0
2074,39063,4.35,2.8
2075,39065,4.095,3.0
2076,39067,4.46,3.0
2077,39069,3.95,2.67
2078,39071,3.47,2.67
2079,39073,4.32,2.5
2080,39075,4.695,3.07
2081,39077,4.285,2.43
2082,39079,3.835,2.5
2083,39081,4.390000000000001,3.0
2084,39083,4.425,3.14
2085,39085,4.07,2.83
2086,39087,4.275,2.6
2087,39089,4.255,3.0
2088,39091,4.085,2.5
2089,39093,4.529999999999999,2.75
2090,39095,4.055,2.81
2091,39097,4.35,3.0
2092,39099,4.345000000000001,2.83
2093,39101,4.26,2.83
2094,39103,4.3100000000000005,2.71
2095,39105,4.2,2.8004347826086957
2096,39107,4.22,2.5
2097,39109,4.23,2.79
2098,39111,4.75,3.0
2099,39113,3.71,2.74
2100,39115,4.75,4.0
2101,39117,4.4,3.0
2102,39119,4.1899999999999995,2.85
2103,39121,4.475,2.75
2104,39123,4.27,2.81
2105,39125,4.2,3.0
2106,39127,4.2,2.7778260869565217
2107,39129,4.645,3.0
2108,39131,3.8049999999999997,3.0
2109,39133,4.4,2.84
2110,39135,4.27,3.0
2111,39137,4.2,3.0
2112,39139,4.49,2.76
2113,39141,4.335,2.88
2114,39143,4.165,2.5
2115,39145,3.8049999999999997,2.67
2116,39147,3.825,2.6
2117,39149,3.99,2.5
2118,39151,4.404999999999999,2.97
2119,39153,4.225,2.8
2120,39155,4.625,2.8
2121,39157,4.595,2.69
2122,39159,4.375,2.75
2123,39161,4.5649999999999995,2.33
2124,39163,4.305,3.108260869565217
2125,39165,4.515000000000001,2.71
2126,39167,4.375,2.64
2127,39169,4.365,2.77
2128,39171,3.935,2.6
2129,39173,4.3,2.73
2130,39175,4.375,2.5
2131,40001,4.2,2.0
2132,40003,4.2,3.0
2133,40005,4.01,2.67
2134,40007,4.2,3.0
2135,40009,4.3,2.64
2136,40011,4.2,3.0
2137,40013,4.3100000000000005,3.0
2138,40015,4.0,2.0
2139,40017,4.35,2.56
2140,40019,3.585,2.67
2141,40021,4.2299999999999995,2.86
2142,40023,3.9299999999999997,2.5
2143,40025,4.3149999999999995,3.0
2144,40027,4.325,2.9
2145,40029,4.2,2.0
2146,40031,4.494999999999999,2.74
2147,40033,4.0,4.0
2148,40035,4.0,2.5
2149,40037,3.935,2.25
2150,40039,4.235,2.53
2151,40041,4.48,3.4
2152,40043,4.2,2.760869565217391
2153,40045,4.2,3.0
2154,40047,4.29,2.71
2155,40049,4.38,2.63
2156,40051,4.085,2.71
2157,40053,4.2,3.0
2158,40055,3.585,3.0
2159,40057,4.2,3.0
2160,40059,4.2,2.891304347826087
2161,40061,4.2,3.0
2162,40063,4.45,3.0
2163,40065,4.055,2.43
2164,40067,4.2,3.0
2165,40069,4.2,2.681304347826087
2166,40071,4.4,2.75
2167,40073,3.25,3.0
2168,40075,4.45,2.963913043478261
2169,40077,3.625,2.5
2170,40079,4.355,2.8
2171,40081,4.68,2.75
2172,40083,4.365,2.86
2173,40085,4.38,3.0
2174,40087,4.455,2.67
2175,40089,4.3,2.33
2176,40091,4.285,2.6
2177,40093,4.75,2.67
2178,40095,4.5,2.25
2179,40097,4.235,2.63
2180,40099,4.3149999999999995,3.0
2181,40101,4.325,2.71
2182,40103,4.345000000000001,2.75
2183,40105,4.2,2.760869565217391
2184,40107,4.2,2.0
2185,40109,4.4350000000000005,2.84
2186,40111,4.24,2.33
2187,40113,4.575,3.5
2188,40115,4.390000000000001,2.57
2189,40117,4.085,2.5
2190,40119,4.24,2.9
2191,40121,4.23,2.5
2192,40123,4.12,2.71
2193,40125,4.115,2.78
2194,40127,4.225,2.33
2195,40129,4.2,3.0
2196,40131,4.49,2.75
2197,40133,4.32,2.67
2198,40135,4.43,2.4
2199,40137,4.395,2.5
2200,40139,4.404999999999999,2.63
2201,40141,4.2,3.0
2202,40143,4.33,2.88
2203,40145,4.3149999999999995,2.5
2204,40147,4.34,2.92
2205,40149,4.2,3.0
2206,40151,4.225,2.83
2207,40153,2.2649999999999997,2.73
2208,41001,4.11,2.67
2209,41003,4.455,2.54
2210,41005,4.4,2.94
2211,41007,4.485,2.87
2212,41009,4.03,2.33
2213,41011,4.3,2.53
2214,41013,4.62,2.8
2215,41015,4.38,2.5
2216,41017,4.47,2.78
2217,41019,4.335,2.61
2218,41021,3.75,2.5
2219,41023,4.075,2.5
2220,41025,4.4399999999999995,2.25
2221,41027,4.595,2.81
2222,41029,4.4350000000000005,2.85
2223,41031,4.365,2.25
2224,41033,4.23,2.43
2225,41035,4.23,2.6
2226,41037,4.2,2.38
2227,41039,4.335,2.63
2228,41041,4.324999999999999,2.7
2229,41043,4.525,2.63
2230,41045,4.385,2.56
2231,41047,4.155,2.71
2232,41049,4.484999999999999,2.2
2233,41051,4.395,3.11
2234,41053,4.515000000000001,2.25
2235,41055,4.165,2.5
2236,41057,4.445,2.72
2237,41059,4.225,2.41
2238,41061,4.05,2.33
2239,41063,4.55,2.5
2240,41065,3.98,2.69
2241,41067,4.385,2.85
2242,41069,4.0,3.0
2243,41071,4.525,3.0
2244,42001,4.43,2.95
2245,42003,4.32,3.1
2246,42005,4.4399999999999995,2.75
2247,42007,4.404999999999999,2.86
2248,42009,4.285,2.78
2249,42011,4.445,2.88
2250,42013,4.375,2.78
2251,42015,4.46,2.87
2252,42017,4.1,3.02
2253,42019,4.385,2.93
2254,42021,4.29,2.75
2255,42023,4.2,3.0
2256,42025,4.385,3.0
2257,42027,4.574999999999999,3.11
2258,42029,4.154999999999999,3.11
2259,42031,4.4350000000000005,2.75
2260,42033,4.4,2.7
2261,42035,4.470000000000001,3.0
2262,42037,4.390000000000001,2.92
2263,42039,4.28,2.86
2264,42041,4.24,2.84
2265,42043,4.359999999999999,2.73
2266,42045,4.18,2.92
2267,42047,4.295,3.0
2268,42049,4.484999999999999,2.87
2269,42051,4.365,2.94
2270,42053,4.2,3.0
2271,42055,4.449999999999999,2.8
2272,42057,4.2,2.963913043478261
2273,42059,4.125,2.83
2274,42061,4.535,3.0
2275,42063,4.135,2.88
2276,42065,4.09,2.83
2277,42067,3.56,2.0
2278,42069,4.265000000000001,2.83
2279,42071,4.52,2.97
2280,42073,4.18,3.14
2281,42075,4.404999999999999,3.06
2282,42077,4.38,2.78
2283,42079,4.355,2.77
2284,42081,4.475,2.8
2285,42083,4.16,2.86
2286,42085,4.33,2.86
2287,42087,4.4350000000000005,2.75
2288,42089,4.255,2.93
2289,42091,4.01,3.1
2290,42093,3.825,2.67
2291,42095,3.585,3.24
2292,42097,3.95,2.5
2293,42099,4.375,2.0
2294,42101,4.17,3.43
2295,42103,4.46,3.09
2296,42105,4.8,3.0
2297,42107,4.2,2.64
2298,42109,4.62,2.86
2299,42111,4.47,2.73
2300,42113,4.5649999999999995,3.25
2301,42115,4.585,3.5
2302,42117,4.4350000000000005,3.18
2303,42119,4.375,2.7
2304,42121,4.145,2.5
2305,42123,4.18,2.8
2306,42125,4.285,2.74
2307,42127,4.23,3.07
2308,42129,4.475,2.7
2309,42131,4.15,3.0
2310,42133,4.465,2.86
2311,44001,4.765,3.67
2312,44003,4.195,3.0
2313,44005,4.48,3.34
2314,44007,4.18,3.09
2315,44009,4.445,3.13
2316,45001,4.375,2.5
2317,45003,4.32,2.76
2318,45005,4.2,3.0
2319,45007,4.359999999999999,2.72
2320,45009,4.2,3.0
2321,45011,3.585,2.33
2322,45013,4.41,3.23
2323,45015,4.484999999999999,2.7
2324,45017,4.2,3.0
2325,45019,4.41,3.25
2326,45021,4.11,2.57
2327,45023,4.0649999999999995,2.29
2328,45025,4.25,2.75
2329,45027,4.25,2.5
2330,45029,4.24,2.39
2331,45031,4.335,2.86
2332,45033,3.65,2.5
2333,45035,3.9450000000000003,2.45
2334,45037,4.75,2.5
2335,45039,3.8200000000000003,2.0
2336,45041,4.025,2.6
2337,45043,4.38,3.07
2338,45045,4.385,3.01
2339,45047,4.265000000000001,2.73
2340,45049,3.535,2.0
2341,45051,4.175,2.88
2342,45053,4.115,2.53
2343,45055,4.18,2.33
2344,45057,4.43,2.67
2345,45059,4.14,2.43
2346,45061,4.125,2.0
2347,45063,4.335,2.65
2348,45065,4.2,2.885652173913044
2349,45067,4.0,3.33
2350,45069,4.05,3.0
2351,45071,4.085,2.5
2352,45073,4.37,2.86
2353,45075,4.12,2.52
2354,45077,4.345000000000001,2.94
2355,45079,3.5,2.85
2356,45081,3.75,3.0
2357,45083,3.6900000000000004,2.75
2358,45085,4.07,2.6
2359,45087,3.8600000000000003,2.33
2360,45089,4.2,2.630434782608696
2361,45091,4.13,2.71
2362,46003,4.15,2.0
2363,46005,4.305,2.8
2364,46007,4.415,3.0
2365,46009,4.2,3.0
2366,46011,4.4399999999999995,2.89
2367,46013,4.43,2.67
2368,46015,4.2,2.83
2369,46017,4.2,3.0
2370,46019,4.34,2.25
2371,46021,4.2,3.0
2372,46023,3.4299999999999997,3.0
2373,46025,4.2,2.601304347826087
2374,46027,4.23,2.75
2375,46029,4.165,2.67
2376,46031,4.2,3.0
2377,46033,4.485,2.64
2378,46035,4.245,2.5
2379,46037,3.75,2.0
2380,46039,4.2,2.0
2381,46041,4.2,3.0
2382,46043,4.2,3.0
2383,46045,3.75,3.0
2384,46047,4.25,2.22
2385,46049,4.25,3.0
2386,46051,4.18,2.5
2387,46053,4.2,3.0
2388,46055,4.2,3.0
2389,46057,4.2,3.046956521739131
2390,46059,4.2,2.9565217391304346
2391,46061,4.2,3.0
2392,46063,4.2,3.0
2393,46065,4.359999999999999,2.9
2394,46067,4.2,3.0
2395,46069,4.2,3.0
2396,46071,3.7199999999999998,2.17
2397,46073,4.2,3.0
2398,46075,4.4399999999999995,2.75
2399,46077,4.5,3.0
2400,46079,4.115,2.5
2401,46081,4.55,2.8
2402,46083,4.51,3.0
2403,46085,4.404999999999999,2.43
2404,46087,4.585,3.0
2405,46089,4.2,3.0
2406,46091,4.2,3.0
2407,46093,4.52,2.33
2408,46095,4.2,3.0
2409,46097,4.25,3.0
2410,46099,4.285,2.71
2411,46101,4.2,3.0
2412,46102,4.2,3.0
2413,46103,4.495,2.74
2414,46105,4.2,3.0
2415,46107,4.375,3.0
2416,46109,3.25,2.0
2417,46111,4.2,3.0
2418,46115,4.25,2.0
2419,46117,4.41,2.75
2420,46119,4.2,2.6734782608695653
2421,46121,4.2,3.0
2422,46123,3.915,2.33
2423,46125,4.2,3.0
2424,46127,4.23,2.57
2425,46129,4.375,2.67
2426,46135,4.205,2.43
2427,46137,4.2,3.0
2428,47001,4.385,2.8
2429,47003,4.25,2.67
2430,47005,4.0600000000000005,3.0
2431,47007,4.2,2.760869565217391
2432,47009,4.3,2.92
2433,47011,4.3100000000000005,2.52
2434,47013,4.335,2.43
2435,47015,4.2,2.760869565217391
2436,47017,4.3,2.67
2437,47019,4.109999999999999,2.5
2438,47021,4.355,2.5
2439,47023,4.25,3.0
2440,47025,4.395,2.8
2441,47027,4.45,3.0943478260869566
2442,47029,4.165,3.0
2443,47031,4.135,2.63
2444,47033,4.335,2.0
2445,47035,4.33,2.64
2446,47037,4.3,3.0
2447,47039,4.25,2.0
2448,47041,4.465,4.0
2449,47043,4.08,2.62
2450,47045,4.390000000000001,2.71
2451,47047,4.2,3.0
2452,47049,4.25,3.0
2453,47051,4.375,3.33
2454,47053,4.1899999999999995,3.0
2455,47055,3.9299999999999997,2.5
2456,47057,4.2,2.829565217391304
2457,47059,4.175,2.7
2458,47061,4.2,3.0
2459,47063,4.25,2.6
2460,47065,4.38,2.83
2461,47067,4.2,2.6160869565217393
2462,47069,4.0,2.67
2463,47071,4.404999999999999,2.5
2464,47073,4.52,2.75
2465,47075,3.9850000000000003,2.17
2466,47077,4.02,2.0
2467,47079,4.125,2.75
2468,47081,4.25,3.0
2469,47083,4.2,2.720434782608695
2470,47085,3.955,2.5
2471,47087,4.2,2.720434782608695
2472,47089,4.21,2.63
2473,47091,4.025,3.0
2474,47093,4.37,2.86
2475,47095,3.915,2.0
2476,47097,4.75,2.0
2477,47099,4.02,2.67
2478,47101,4.5,3.0
2479,47103,4.734999999999999,2.75
2480,47105,4.26,2.36
2481,47107,4.245,2.43
2482,47109,4.25,2.0
2483,47111,4.2,3.0
2484,47113,4.115,2.54
2485,47115,4.205,2.55
2486,47117,3.925,2.67
2487,47119,4.215,2.79
2488,47121,4.45,3.176086956521739
2489,47123,4.3149999999999995,2.5
2490,47125,4.025,2.56
2491,47127,4.15,3.0
2492,47129,4.2,3.0
2493,47131,4.46,2.75
2494,47133,3.95,2.0
2495,47135,3.25,3.0
2496,47137,4.2,2.853913043478261
2497,47139,4.2,2.909130434782608
2498,47141,4.475,2.53
2499,47143,4.1850000000000005,2.67
2500,47145,4.33,2.5
2501,47147,4.2,2.77
2502,47149,4.225,2.8
2503,47151,4.35,3.0
2504,47153,4.68,3.0
2505,47155,4.29,2.77
2506,47157,4.23,2.89
2507,47159,4.35,3.0
2508,47161,4.2,2.760869565217391
2509,47163,4.279999999999999,2.65
2510,47165,4.475,2.75
2511,47167,4.470000000000001,2.5
2512,47169,4.2,3.0
2513,47171,4.22,2.5
2514,47173,4.2,2.829565217391304
2515,47175,4.8,3.0
2516,47177,4.145,2.33
2517,47179,4.275,2.78
2518,47181,4.75,2.0
2519,47183,4.1,2.4
2520,47185,3.915,2.0
2521,47187,4.4399999999999995,2.89
2522,47189,4.48,2.86
2523,48001,4.3149999999999995,2.82
2524,48003,4.125,2.6
2525,48005,4.07,2.85
2526,48007,4.404999999999999,2.81
2527,48009,4.2,3.0
2528,48011,4.2,2.0
2529,48013,4.32,2.7
2530,48015,4.34,2.8
2531,48017,4.0,2.33
2532,48019,4.525,2.75
2533,48021,4.5,2.75
2534,48023,4.68,3.0
2535,48025,4.4399999999999995,2.6
2536,48027,3.92,2.76
2537,48029,4.34,2.89
2538,48031,4.425,3.0
2539,48033,4.2,3.0
2540,48035,4.46,2.5
2541,48037,4.215,2.61
2542,48039,4.37,2.79
2543,48041,4.45,2.97
2544,48043,4.279999999999999,3.08
2545,48045,4.2,3.0
2546,48047,4.5,2.67
2547,48049,4.16,2.73
2548,48051,4.36,2.2
2549,48053,4.445,2.92
2550,48055,4.29,2.83
2551,48057,3.7699999999999996,2.86
2552,48059,4.2,3.0
2553,48061,4.34,2.73
2554,48063,4.2,2.817391304347826
2555,48065,4.75,3.0
2556,48067,4.3,2.5
2557,48069,4.75,3.0
2558,48071,3.625,2.64
2559,48073,4.205,2.75
2560,48075,4.27,2.5
2561,48077,4.25,3.0
2562,48079,4.2,3.0
2563,48081,4.2,2.9347826086956523
2564,48083,4.2,3.5
2565,48085,4.34,3.0
2566,48087,4.2,3.0
2567,48089,3.895,2.5
2568,48091,4.395,2.91
2569,48093,4.404999999999999,2.25
2570,48095,4.2,3.0
2571,48097,4.105,2.6
2572,48099,4.25,2.86
2573,48101,4.2,2.0
2574,48103,3.75,3.0
2575,48105,4.095,2.6
2576,48107,4.2,3.0
2577,48109,4.18,2.43
2578,48111,4.15,2.43
2579,48113,4.15,3.01
2580,48115,4.35,2.33
2581,48117,4.359999999999999,3.0
2582,48119,4.2,4.0
2583,48121,4.48,2.86
2584,48123,4.395,2.78
2585,48125,4.2,3.0
2586,48127,4.455,2.67
2587,48129,4.585,3.0
2588,48131,3.25,3.0
2589,48133,4.195,2.33
2590,48135,3.9749999999999996,2.73
2591,48137,4.2,3.0
2592,48139,4.475,2.7
2593,48141,4.325,2.88
2594,48143,4.215,2.33
2595,48145,4.155,3.0
2596,48147,4.14,2.75
2597,48149,4.404999999999999,2.83
2598,48151,4.2,2.0
2599,48153,4.2,3.0
2600,48155,4.2,3.0
2601,48157,4.300000000000001,2.91
2602,48159,4.5,2.0
2603,48161,4.34,2.33
2604,48163,4.265000000000001,2.71
2605,48165,4.15,2.75
2606,48167,4.325,2.8
2607,48169,4.375,3.5
2608,48171,4.475,2.95
2609,48173,4.2,3.0
2610,48175,4.4399999999999995,3.0
2611,48177,4.15,3.0
2612,48179,4.215,3.0
2613,48181,4.385,2.74
2614,48183,4.265000000000001,2.69
2615,48185,4.225,3.0
2616,48187,4.3149999999999995,3.0
2617,48189,3.835,2.71
2618,48191,4.0649999999999995,2.0
2619,48193,4.415,3.0
2620,48195,4.2,3.0
2621,48197,4.03,3.0
2622,48199,4.305,2.6
2623,48201,4.225,2.9
2624,48203,4.145,2.54
2625,48205,4.2,3.0
2626,48207,4.25,3.0
2627,48209,4.475,2.89
2628,48211,4.75,3.0
2629,48213,4.26,2.56
2630,48215,4.355,2.77
2631,48217,4.355,2.6
2632,48219,4.345000000000001,3.0
2633,48221,4.49,3.06
2634,48223,4.35,2.8
2635,48225,4.025,2.5
2636,48227,4.21,2.78
2637,48229,4.2,2.9347826086956523
2638,48231,4.375,2.6
2639,48233,4.535,2.75
2640,48235,4.2,3.0
2641,48237,4.2,2.0
2642,48239,3.5700000000000003,2.2
2643,48241,4.155,2.56
2644,48243,4.355,3.0
2645,48245,4.035,2.57
2646,48247,4.415,2.33
2647,48249,3.91,2.67
2648,48251,4.47,2.73
2649,48253,4.625,3.0
2650,48255,4.6850000000000005,2.71
2651,48257,4.535,2.67
2652,48259,4.58,3.09
2653,48261,4.2,3.0
2654,48263,4.2,3.0
2655,48265,4.415,2.79
2656,48267,4.225,2.2
2657,48269,4.2,3.0
2658,48271,4.2,3.0
2659,48273,4.005,2.62
2660,48275,4.2,3.0
2661,48277,4.33,2.69
2662,48279,4.404999999999999,3.0
2663,48281,4.5,3.0
2664,48283,4.015000000000001,2.94
2665,48285,4.475,2.75
2666,48287,3.865,2.25
2667,48289,4.285,2.6
2668,48291,4.445,2.56
2669,48293,4.25,2.67
2670,48295,4.2,3.0
2671,48297,4.0,2.67
2672,48299,4.59,3.4
2673,48301,4.2,3.0
2674,48303,4.21,2.77
2675,48305,4.2,3.0
2676,48307,4.375,2.5
2677,48309,4.45,2.74
2678,48311,4.2,3.0
2679,48313,4.015,3.2
2680,48315,4.654999999999999,3.25
2681,48317,3.7800000000000002,2.67
2682,48319,4.75,3.0
2683,48321,4.48,2.82
2684,48323,4.34,2.67
2685,48325,4.484999999999999,3.0
2686,48327,4.2,3.0
2687,48329,4.26,2.88
2688,48331,4.135,2.4
2689,48333,4.2,3.0
2690,48335,4.3149999999999995,2.67
2691,48337,4.355,2.67
2692,48339,4.4350000000000005,2.86
2693,48341,4.34,2.7
2694,48343,4.2,3.0
2695,48345,4.2,3.0
2696,48347,4.2,2.73
2697,48349,4.12,2.56
2698,48351,4.2,2.9347826086956523
2699,48353,4.375,3.0
2700,48355,4.38,2.72
2701,48357,4.07,3.0
2702,48359,4.335,2.33
2703,48361,4.17,2.59
2704,48363,3.955,2.71
2705,48365,4.4,2.8
2706,48367,4.475,2.58
2707,48369,4.2,3.0
2708,48371,4.15,2.67
2709,48373,4.285,2.67
2710,48375,4.465,2.73
2711,48377,4.6899999999999995,4.0
2712,48379,4.359999999999999,2.5
2713,48381,4.525,2.75
2714,48383,4.21,2.88
2715,48385,4.7,2.939565217391305
2716,48387,4.2,4.0
2717,48389,4.1850000000000005,2.63
2718,48391,3.25,2.5
2719,48393,4.2,3.0
2720,48395,4.3,2.6
2721,48397,4.245,3.11
2722,48399,4.2,3.0
2723,48401,4.404999999999999,2.33
2724,48403,4.75,2.0
2725,48405,4.25,2.0
2726,48407,4.415,3.0
2727,48409,4.475,2.73
2728,48411,4.0,2.0
2729,48413,4.2,3.0
2730,48415,4.359999999999999,2.55
2731,48417,4.5,2.5
2732,48419,4.22,2.57
2733,48421,4.2,3.0
2734,48423,4.4399999999999995,2.71
2735,48425,4.75,3.0
2736,48427,3.965,3.0
2737,48429,3.835,2.5
2738,48431,4.25,3.0
2739,48433,4.5,2.0
2740,48435,4.125,2.4
2741,48437,3.75,3.0
2742,48439,4.234999999999999,2.87
2743,48441,4.25,2.74
2744,48443,3.965,2.5
2745,48445,4.555,2.67
2746,48447,4.2,3.0
2747,48449,4.21,2.75
2748,48451,4.2,2.79
2749,48453,4.325,3.12
2750,48455,4.2,3.0
2751,48457,4.215,2.5
2752,48459,4.2,3.0526086956521743
2753,48461,3.585,2.0
2754,48463,4.255,2.5
2755,48465,4.165,2.56
2756,48467,4.3149999999999995,2.8
2757,48469,4.4350000000000005,2.76
2758,48471,4.04,2.75
2759,48473,4.455,2.5
2760,48475,4.279999999999999,2.86
2761,48477,4.34,3.12
2762,48479,3.835,2.77
2763,48481,4.37,2.63
2764,48483,4.465,2.8
2765,48485,4.215,2.65
2766,48487,4.105,2.67
2767,48489,4.5,2.8
2768,48491,4.22,2.93
2769,48493,4.335,2.57
2770,48495,4.2,3.0
2771,48497,3.995,2.65
2772,48499,4.515,3.17
2773,48501,4.5,2.67
2774,48503,4.62,3.33
2775,48505,4.55,2.75
2776,48507,4.5,2.75
2777,49001,4.27,2.44
2778,49003,4.345000000000001,2.5
2779,49005,4.22,2.86
2780,49007,4.255,2.67
2781,49009,4.415,3.0
2782,49011,4.54,2.79
2783,49013,4.855,2.67
2784,49015,4.325,2.56
2785,49017,4.215,2.66
2786,49019,4.45,2.79
2787,49021,4.43,2.82
2788,49023,4.11,2.29
2789,49025,4.525,2.75
2790,49027,4.24,2.29
2791,49029,4.2,2.9347826086956523
2792,49031,4.2,2.86
2793,49033,4.37,4.0
2794,49035,4.395,3.07
2795,49037,4.4,2.47
2796,49039,4.66,2.5
2797,49041,4.585,2.6
2798,49043,4.565,3.85
2799,49045,4.1,2.67
2800,49047,4.4350000000000005,2.65
2801,49049,4.525,2.84
2802,49051,4.415,3.13
2803,49053,4.529999999999999,2.89
2804,49055,4.470000000000001,2.76
2805,49057,4.220000000000001,2.86
2806,50001,4.5649999999999995,3.29
2807,50003,4.48,3.02
2808,50005,4.22,2.9
2809,50007,4.335,3.0
2810,50009,4.2,3.0856521739130436
2811,50011,4.605,3.38
2812,50013,4.8100000000000005,3.0
2813,50015,4.455,3.15
2814,50017,4.275,3.0
2815,50019,4.34,3.0
2816,50021,4.375,2.84
2817,50023,4.4,3.15
2818,50025,4.365,3.15
2819,50027,4.494999999999999,3.32
2820,51001,4.539999999999999,2.65
2821,51003,4.47,3.52
2822,51005,4.205,2.8
2823,51007,3.895,2.0
2824,51009,4.32,2.25
2825,51011,4.35,3.25
2826,51013,4.175,3.34
2827,51015,4.115,2.42
2828,51017,4.265000000000001,3.83
2829,51019,4.275,2.25
2830,51021,4.45,4.0
2831,51023,4.27,2.5
2832,51025,4.2,3.0269565217391308
2833,51027,4.585,3.0
2834,51029,5.0,3.0
2835,51031,4.4399999999999995,2.83
2836,51033,3.795,2.43
2837,51035,4.555,2.64
2838,51036,4.25,3.5
2839,51037,4.035,3.0
2840,51041,3.765,2.76
2841,51043,4.705,3.67
2842,51045,4.2,3.003478260869565
2843,51047,4.3149999999999995,2.92
2844,51049,4.2,3.0604347826086955
2845,51051,4.625,3.0
2846,51053,4.25,3.0
2847,51057,4.005,3.4
2848,51059,4.245,3.18
2849,51061,4.33,3.56
2850,51063,4.49,3.0
2851,51065,4.2,4.0
2852,51067,4.59,3.25
2853,51069,4.3149999999999995,2.78
2854,51071,3.99,3.25
2855,51073,4.605,2.67
2856,51075,4.2,3.0
2857,51077,4.33,3.1717391304347826
2858,51079,4.72,3.0
2859,51081,3.6550000000000002,2.0
2860,51083,4.235,3.0
2861,51085,4.175,2.6
2862,51087,4.0649999999999995,2.79
2863,51089,3.76,2.38
2864,51091,4.45,3.0143478260869565
2865,51093,4.305,2.67
2866,51095,4.295,3.0
2867,51097,4.2,3.0
2868,51099,4.279999999999999,3.0
2869,51101,4.2,2.9856521739130435
2870,51103,4.335,3.6
2871,51105,4.2,3.0
2872,51107,4.4350000000000005,3.23
2873,51109,4.47,3.2
2874,51111,4.2,3.0
2875,51113,4.279999999999999,3.5
2876,51115,4.2,3.0
2877,51117,4.2,2.6
2878,51119,4.25,3.0
2879,51121,4.35,2.71
2880,51125,4.734999999999999,3.57
2881,51127,4.65,3.0
2882,51131,4.335,3.0
2883,51133,4.585,3.0
2884,51135,3.75,2.67
2885,51137,4.470000000000001,3.4
2886,51139,4.355,2.9
2887,51141,4.88,3.0
2888,51143,4.404999999999999,2.67
2889,51145,4.2,3.0
2890,51147,4.29,2.83
2891,51149,4.09,2.67
2892,51153,4.27,2.87
2893,51155,4.54,3.0
2894,51157,4.93,3.7
2895,51159,4.25,3.0
2896,51161,4.425,2.67
2897,51163,4.36,3.0
2898,51165,4.575,3.0
2899,51167,4.5,2.5
2900,51169,4.2,3.072608695652174
2901,51171,4.39,2.73
2902,51173,4.415,2.83
2903,51175,4.2,3.0
2904,51177,4.3100000000000005,2.68
2905,51179,4.425,2.78
2906,51181,5.0,3.0
2907,51183,4.3,3.0
2908,51185,4.425,2.6
2909,51187,4.255,2.4
2910,51191,4.51,2.73
2911,51193,4.645,3.0
2912,51195,4.41,3.0
2913,51197,4.485,2.64
2914,51199,4.375,3.03
2915,51510,4.385,3.31
2916,51520,4.575,2.69
2917,51530,3.75,3.0
2918,51540,4.25,3.08
2919,51550,4.17,2.7
2920,51570,4.365,3.0
2921,51580,4.2,3.0
2922,51590,3.935,2.5
2923,51595,4.15,2.67
2924,51600,4.265000000000001,2.86
2925,51610,4.105,2.67
2926,51620,4.15,2.33
2927,51630,4.29,3.15
2928,51640,4.41,2.75
2929,51650,4.145,2.89
2930,51660,4.17,2.83
2931,51670,4.04,2.86
2932,51678,4.585,3.29
2933,51680,4.375,3.0
2934,51683,3.84,2.0
2935,51685,4.2,3.0
2936,51690,3.965,2.5
2937,51700,4.16,2.68
2938,51710,4.18,2.78
2939,51720,4.2,2.25
2940,51730,3.8449999999999998,2.45
2941,51735,4.2,2.9856521739130435
2942,51740,4.14,2.86
2943,51750,4.085,2.4
2944,51760,4.32,3.04
2945,51770,4.405,2.76
2946,51775,4.1899999999999995,2.75
2947,51790,4.155,3.08
2948,51800,4.0600000000000005,2.7
2949,51810,4.155,2.77
2950,51820,4.24,2.86
2951,51830,4.2,2.87
2952,51840,4.355,2.78
2953,53001,4.235,2.33
2954,53003,4.46,3.0
2955,53005,4.470000000000001,2.82
2956,53007,4.449999999999999,2.96
2957,53009,4.445,2.74
2958,53011,4.380000000000001,2.97
2959,53013,4.22,2.75
2960,53015,4.359999999999999,2.56
2961,53017,4.3100000000000005,3.0
2962,53019,4.365,3.17608695652174
2963,53021,4.295,2.5
2964,53023,4.2,3.0
2965,53025,4.0600000000000005,2.69
2966,53027,4.365,2.66
2967,53029,4.57,3.17
2968,53031,4.41,2.82
2969,53033,4.325,3.12
2970,53035,4.49,2.76
2971,53037,4.285,2.65
2972,53039,4.365,3.2
2973,53041,4.494999999999999,2.5
2974,53043,4.25,2.5
2975,53045,4.495,2.86
2976,53047,4.3149999999999995,2.83
2977,53049,4.4350000000000005,2.83
2978,53051,4.25,4.0
2979,53053,4.300000000000001,2.72
2980,53055,4.57,3.17
2981,53057,4.46,2.74
2982,53059,4.4350000000000005,3.4
2983,53061,4.5,2.84
2984,53063,4.325,2.91
2985,53065,4.085,2.33
2986,53067,4.3149999999999995,3.07
2987,53069,4.75,3.33
2988,53071,4.484999999999999,3.1
2989,53073,4.49,2.83
2990,53075,4.245,2.73
2991,53077,4.415,2.83
2992,54001,4.115,2.0
2993,54003,4.245,2.53
2994,54005,4.585,2.0
2995,54007,4.29,2.33
2996,54009,4.355,3.25
2997,54011,4.42,2.64
2998,54013,4.2,3.0
2999,54015,4.2,3.0
3000,54017,4.2,3.0
3001,54019,4.455,3.0
3002,54021,4.2,3.0
3003,54023,4.6,2.75
3004,54025,4.2,2.78
3005,54027,4.2,2.885652173913044
3006,54029,4.470000000000001,3.5
3007,54031,4.2,3.0756521739130434
3008,54033,4.27,2.69
3009,54035,4.27,2.75
3010,54037,4.425,2.94
3011,54039,4.265000000000001,2.82
3012,54041,4.305,3.0
3013,54043,4.2,3.0
3014,54045,4.51,2.8
3015,54047,4.2,2.0
3016,54049,4.17,2.55
3017,54051,3.915,3.0
3018,54053,4.2,2.9565217391304346
3019,54055,4.505,2.69
3020,54057,4.5649999999999995,2.5
3021,54059,5.0,2.67
3022,54061,3.7800000000000002,2.84
3023,54063,4.75,4.0
3024,54065,4.529999999999999,3.0
3025,54067,4.345000000000001,2.57
3026,54069,4.42,2.86
3027,54071,4.42,3.13
3028,54073,4.2,3.0
3029,54075,4.619999999999999,3.0
3030,54077,4.3149999999999995,2.83
3031,54079,4.23,2.75
3032,54081,4.035,2.55
3033,54083,4.38,3.0
3034,54085,4.75,3.0
3035,54087,4.2,3.0
3036,54089,4.8,3.0
3037,54091,4.2,2.0
3038,54093,4.17,3.0
3039,54095,4.2,3.0
3040,54097,4.25,2.67
3041,54099,4.2,3.0
3042,54101,4.2,2.9486956521739134
3043,54103,4.14,2.5
3044,54105,4.2,3.0
3045,54107,4.3100000000000005,2.59
3046,54109,4.75,3.0
3047,55001,4.295,3.0
3048,55003,4.385,2.8
3049,55005,4.275,2.64
3050,55007,4.515000000000001,3.18
3051,55009,4.51,2.87
3052,55011,3.7,3.0
3053,55013,4.35,3.0
3054,55015,4.285,3.0
3055,55017,4.484999999999999,2.91
3056,55019,4.465,2.0
3057,55021,4.41,2.42
3058,55023,4.125,2.29
3059,55025,4.335,2.98
3060,55027,4.02,2.8
3061,55029,4.54,3.0
3062,55031,4.45,3.0
3063,55033,4.43,2.63
3064,55035,4.29,2.83
3065,55037,4.75,3.0
3066,55039,4.38,2.79
3067,55041,4.5,3.0
3068,55043,4.37,2.5
3069,55045,4.55,2.5
3070,55047,4.075,3.0
3071,55049,4.605,2.57
3072,55051,4.279999999999999,2.33
3073,55053,4.12,2.8
3074,55055,4.1899999999999995,2.83
3075,55057,4.625,2.57
3076,55059,4.595000000000001,3.08
3077,55061,4.41,2.5
3078,55063,4.255,2.89
3079,55065,4.18,2.5
3080,55067,4.165,2.25
3081,55069,4.4399999999999995,2.43
3082,55071,4.515,2.67
3083,55073,4.43,2.81
3084,55075,4.415,2.7
3085,55077,4.779999999999999,2.5
3086,55078,4.2,3.0
3087,55079,4.255,3.18
3088,55081,4.18,2.63
3089,55083,4.395,2.0
3090,55085,4.285,2.85
3091,55087,4.27,2.91
3092,55089,4.645,3.0
3093,55091,4.25,3.0
3094,55093,4.5649999999999995,3.0
3095,55095,4.69,2.5
3096,55097,4.325,2.88
3097,55099,3.7800000000000002,2.0
3098,55101,4.285,2.81
3099,55103,4.585,3.0
3100,55105,4.49,2.75
3101,55107,4.405,2.5
3102,55109,4.37,2.53
3103,55111,4.345,2.78
3104,55113,4.32,2.63
3105,55115,4.404999999999999,2.75
3106,55117,4.359999999999999,2.82
3107,55119,3.465,3.0
3108,55121,4.415,2.8
3109,55123,4.275,2.75
3110,55125,4.32,2.78
3111,55127,4.465,3.03
3112,55129,4.49,3.0
3113,55131,4.404999999999999,2.93
3114,55133,4.32,3.03
3115,55135,4.27,2.71
3116,55137,4.38,2.33
3117,55139,4.404999999999999,2.72
3118,55141,4.305,2.56
3119,56001,4.265,2.64
3120,56003,4.65,2.75
3121,56005,4.325,2.7
3122,56007,4.14,2.45
3123,56009,4.11,2.6
3124,56011,4.335,2.45
3125,56013,4.455,2.61
3126,56015,4.13,2.5
3127,56017,4.535,2.6
3128,56019,4.515000000000001,2.57
3129,56021,4.29,2.73
3130,56023,4.775,2.86
3131,56025,4.225,2.67
3132,56027,4.484999999999999,2.5
3133,56029,4.6,2.67
3134,56031,4.325,2.6
3135,56033,4.17,2.57
3136,56035,4.609999999999999,2.89
3137,56037,4.285,2.67
3138,56039,4.5,3.3
3139,56041,4.23,2.42
3140,56043,4.35,2.75
3141,56045,4.49,3.0
